word,freq
the,4403
and,3052
i,2919
of,2802
to,2183
my,1819
a,1440
in,1176
was,1062
that,1045
me,876
but,706
had,704
with,691
he,625
which,586
it,578
you,572
as,563
his,550
not,531
for,515
on,479
by,476
this,418
from,396
have,382
be,374
her,374
when,338
at,330
were,320
is,319
she,255
your,252
him,226
one,226
an,223
so,216
they,215
all,205
could,203
would,198
will,198
if,196
been,195
their,190
or,189
are,181
we,181
who,180
no,178
more,174
these,162
some,160
now,158
should,157
yet,154
before,148
myself,145
what,136
upon,135
our,133
them,133
man,132
only,130
am,129
into,129
its,128
did,127
life,123
every,122
do,120
than,118
then,113
father,113
own,113
first,113
might,111
time,109
shall,109
eyes,107
any,103
said,103
may,102
can,98
being,98
saw,97
even,97
towards,95
how,95
those,94
such,92
most,92
night,91
mind,91
found,90
elizabeth,85
day,85
again,84
ever,84
very,83
whom,83
there,82
where,82
thought,81
felt,80
after,80
heart,78
other,78
death,78
feelings,76
many,73
soon,72
up,72
dear,72
made,72
still,72
must,71
friend,70
during,69
passed,69
also,68
while,68
never,68
has,66
us,66
miserable,66
thus,66
became,64
human,64
heard,63
like,63
same,63
place,62
few,62
sometimes,60
over,58
love,58
little,58
appeared,58
clerval,56
indeed,56
friends,56
often,55
nature,55
misery,55
justine,54
among,54
about,54
see,54
although,53
words,53
country,53
whose,52
hope,52
several,52
until,52
away,52
cottage,51
through,50
feel,50
felix,50
old,50
know,50
return,49
despair,49
happiness,49
world,49
days,49
great,49
cannot,48
happy,47
long,47
alone,46
another,46
voice,46
sun,45
poor,45
scene,45
far,45
horror,44
years,44
well,44
much,44
light,44
creature,43
came,43
men,43
fear,43
out,43
affection,42
nothing,42
new,41
two,41
joy,41
hands,40
near,40
almost,40
house,40
power,40
part,40
thoughts,39
months,39
mountains,39
make,39
himself,39
possessed,39
morning,39
pleasure,39
idea,39
entered,38
countenance,38
nor,38
tale,38
seemed,37
therefore,37
journey,37
earth,37
geneva,37
hours,37
down,37
left,37
moment,37
soul,36
come,36
kind,36
good,36
took,36
ice,36
work,36
lost,36
around,35
why,35
child,35
however,35
spirit,34
last,34
here,34
discovered,34
taken,34
rest,34
once,34
gentle,34
become,34
think,33
believe,33
cause,33
knowledge,33
sea,33
peace,32
present,32
continued,32
manner,32
whole,32
sensations,32
resolved,32
gave,32
remained,32
room,32
family,32
knew,32
cold,32
companion,32
already,32
existence,32
strange,32
young,31
each,31
returned,31
within,31
too,31
delight,31
beheld,31
tears,31
without,31
spirits,31
monster,31
mother,31
began,31
looked,30
form,30
nearly,30
appearance,30
fiend,30
brought,30
arrived,30
girl,30
desire,29
endeavoured,29
placed,29
read,29
grief,29
thing,29
loved,29
lake,29
since,29
frankenstein,29
length,29
lay,28
greatest,28
yourself,28
others,28
science,28
story,28
feeling,28
expressed,28
dark,28
imagination,28
native,28
mine,28
sister,27
wind,27
suddenly,27
letter,27
replied,27
change,27
wood,27
food,27
beautiful,27
fire,27
murderer,27
thousand,27
hardly,27
rather,27
beauty,27
various,27
air,27
ground,26
kindness,26
lovely,26
head,26
desired,26
quickly,26
spent,26
having,26
hand,26
seek,26
hour,26
greater,26
sat,26
victor,26
let,26
agony,26
henry,26
means,26
beloved,26
perceived,26
under,26
called,26
degree,25
town,25
occupied,25
oh,25
william,25
sight,25
live,25
always,25
cousin,25
body,25
rage,25
spoke,25
safie,25
anguish,24
state,24
turned,24
true,24
give,24
door,24
free,24
lived,24
sleep,24
died,24
itself,24
filled,24
wish,24
chapter,24
wretched,24
natural,24
wretch,24
promise,24
fixed,24
end,24
die,24
concerning,24
attention,23
hopes,23
endured,23
m,23
perhaps,23
dead,23
appear,23
sweet,23
destroyed,23
find,23
longer,23
account,23
say,23
evil,23
followed,22
quitted,22
destruction,22
leave,22
answer,22
revenge,22
enemy,22
take,22
care,22
language,22
unable,22
sound,22
seen,22
agatha,22
entirely,22
cottagers,22
heaven,22
brother,22
between,21
stranger,21
enter,21
moon,21
father's,21
observed,21
remain,21
wonder,21
remember,21
murder,21
object,21
youth,21
face,21
home,21
vengeance,21
wished,21
went,21
england,21
suffered,21
task,21
formed,21
look,21
sunk,21
forth,20
against,20
subject,20
allowed,20
path,20
given,20
god,20
conversation,20
creator,20
deeply,20
woman,20
sufficient,20
destroy,20
history,20
study,20
opened,20
drew,20
go,20
calm,20
land,20
events,20
acquainted,20
spot,20
high,20
blood,20
trees,20
mean,20
dream,19
melancholy,19
speak,19
alas,19
continually,19
steps,19
none,19
manners,19
dearest,19
easily,19
covered,19
innocent,19
something,19
engaged,19
memory,19
dared,19
hear,19
sympathy,19
pain,19
approached,19
way,19
departure,19
discovery,19
different,19
children,19
proceeded,19
just,19
fell,19
murdered,19
learned,19
beings,19
health,19
creation,19
progress,19
courage,18
visited,18
exclaimed,18
labours,18
lips,18
fate,18
retired,18
future,18
thy,18
deep,18
surrounded,18
innocence,18
wonderful,18
half,18
ideas,18
son,18
determined,18
endure,18
necessary,18
short,18
asked,18
unhappy,18
sought,18
eye,18
rendered,18
course,18
purpose,18
because,18
reflect,17
received,17
across,17
afterwards,17
early,17
consolation,17
visit,17
led,17
dæmon,17
misfortunes,17
person,17
quit,17
black,17
passion,17
letters,17
put,17
moments,17
scenes,17
full,17
vessel,17
pursue,17
ill,17
misfortune,16
water,16
sounds,16
dreams,16
understand,16
whether,16
hideous,16
interest,16
silent,16
victim,16
seized,16
darkness,16
society,16
does,16
crime,16
extreme,16
describe,16
small,16
heavens,16
name,16
restored,16
view,16
close,16
bitter,16
ingolstadt,16
reflections,16
union,16
discover,16
boat,16
rain,16
sorrow,16
period,16
walked,16
pursuit,16
instantly,16
overcome,16
back,16
rose,16
pass,16
wept,16
horrible,15
smiles,15
bed,15
philosophy,15
daughter,15
departed,15
distance,15
former,15
bound,15
circumstances,15
strength,15
marriage,15
cried,15
powers,15
scarcely,15
solitude,15
open,15
reflected,15
names,15
voyage,15
bestow,15
forward,15
point,15
unfortunate,15
frightful,15
awoke,15
silence,15
shore,15
excellent,15
snow,15
past,14
advanced,14
age,14
frame,14
thirst,14
mr,14
capable,14
behold,14
write,14
told,14
tranquillity,14
pleasant,14
agitation,14
hovel,14
thou,14
creatures,14
understood,14
favourite,14
wandered,14
truth,14
gone,14
fancy,14
excited,14
benevolent,14
tried,14
waves,14
along,14
wretchedness,14
latter,14
event,14
presence,14
word,14
moved,14
expression,14
admiration,14
curiosity,14
hatred,14
remorse,14
amiable,14
mountain,14
sufferings,14
support,14
recovered,14
herself,14
call,14
sky,14
presented,14
produced,14
presently,14
urged,13
employed,13
pursued,13
allow,13
passions,13
least,13
limbs,13
watching,13
surprised,13
divine,13
sense,13
arabian,13
better,13
directed,13
believed,13
ernest,13
shut,13
labour,13
parents,13
addressed,13
protectors,13
gained,13
reason,13
feared,13
endeavour,13
modern,13
devoted,13
certainly,13
promised,13
instant,13
threw,13
success,13
enjoyed,13
vain,13
mighty,13
remembered,13
magistrate,13
secret,13
ought,13
virtue,13
spring,13
less,13
conceived,13
bestowed,13
commence,13
above,13
dare,13
undertaking,13
next,13
beneath,13
round,13
winter,13
obliged,13
reflection,13
paused,13
crimes,13
ardour,13
feet,13
prospect,13
noble,12
possible,12
hitherto,12
hunger,12
dreadful,12
companions,12
greatly,12
enough,12
danger,12
cast,12
fair,12
studies,12
north,12
evening,12
cheerful,12
committed,12
off,12
sensation,12
listen,12
lady,12
increased,12
wild,12
books,12
corpse,12
sledge,12
ocean,12
mont,12
occupations,12
except,12
expected,12
torture,12
justice,12
clouds,12
destiny,12
created,12
set,12
river,12
abhorred,12
fatigue,12
doubt,12
warmth,12
supposed,12
plan,12
woods,12
satisfied,12
white,12
turn,12
listened,12
considered,12
people,12
consent,12
eternal,12
best,12
things,12
fellow-creatures,12
remains,12
want,12
fled,12
objects,12
city,12
village,12
meet,12
surely,12
degrees,12
kirwin,12
themselves,12
arrive,12
branches,12
fresh,12
three,11
clear,11
right,11
inhabitants,11
blue,11
london,11
besides,11
gloom,11
enthusiasm,11
species,11
picture,11
accordingly,11
confined,11
known,11
situation,11
partly,11
circumstance,11
stars,11
mankind,11
difficulty,11
assured,11
experienced,11
guilty,11
honour,11
fall,11
condemned,11
times,11
deprived,11
vast,11
duty,11
prison,11
ceased,11
hills,11
waters,11
rushed,11
changed,11
beginning,11
sides,11
trembled,11
broken,11
longed,11
terrible,11
rapidly,11
duties,11
really,11
related,11
switzerland,11
compassion,11
wife,11
pity,11
together,11
summer,11
gazed,11
done,11
carried,11
utterly,11
figure,11
hard,11
terror,11
gloomy,11
behind,11
stood,11
fears,11
following,11
suffer,11
reality,11
residence,11
utter,11
forget,10
forms,10
poverty,10
occasion,10
weep,10
remembrance,10
trial,10
five,10
follow,10
guilt,10
weather,10
ardently,10
paris,10
learn,10
move,10
bent,10
alive,10
enterprise,10
forced,10
sad,10
instead,10
afford,10
arose,10
beyond,10
impossible,10
17,10
burning,10
apparently,10
recollection,10
case,10
distant,10
solitary,10
evidence,10
leaves,10
ancient,10
season,10
blind,10
approach,10
margaret,10
de,10
aid,10
bitterly,10
safety,10
persuade,10
demand,10
garden,10
hell,10
court,10
caused,10
conceive,10
tell,10
breeze,10
render,10
happened,10
ardent,10
ignorant,10
storm,10
collected,10
use,10
superior,10
devil,10
ask,10
repose,10
looking,10
farewell,10
effect,10
arms,10
gentleness,10
distinguished,10
procure,10
desert,10
returning,10
thee,10
cursed,10
accustomed,10
rise,10
sailors,10
author,10
fever,10
act,10
slight,10
pressed,10
shone,10
younger,10
attempt,10
beside,10
endeavouring,9
fields,9
hastened,9
taking,9
able,9
enjoy,9
considerable,9
convinced,9
laws,9
grasp,9
attempted,9
fallen,9
condition,9
fortune,9
restore,9
hid,9
contemplated,9
question,9
violence,9
refuge,9
judge,9
hoped,9
fearful,9
dwelling,9
looks,9
lives,9
waldman,9
bosom,9
enjoyment,9
accompanied,9
magnificent,9
useless,9
living,9
warm,9
curse,9
krempe,9
express,9
need,9
comply,9
window,9
ruin,9
apartment,9
lover,9
lifeless,9
smile,9
cloud,9
witnesses,9
lacey,9
imagined,9
valley,9
aunt,9
commenced,9
passage,9
attended,9
depart,9
complete,9
trace,9
escape,9
motion,9
relate,9
disappeared,9
doing,9
english,9
illness,9
uncle,9
animal,9
neck,9
month,9
terms,9
consider,9
whilst,9
miseries,9
create,9
stretched,9
struck,9
thrown,9
nurse,9
uttered,9
hate,9
madness,9
shadow,9
rock,9
surprise,9
excess,9
turk,9
relieve,9
eagerly,9
deformity,8
step,8
exertion,8
lively,8
senses,8
speedily,8
worked,8
quick,8
execution,8
retreat,8
held,8
violent,8
pleased,8
bitterness,8
solemn,8
thunder,8
continue,8
hasten,8
waited,8
finding,8
both,8
shape,8
familiar,8
prove,8
wishes,8
determination,8
astonishing,8
fulfil,8
inhabited,8
daily,8
birth,8
delay,8
nearer,8
fellow,8
anxiety,8
servant,8
desolate,8
explanation,8
descended,8
obtain,8
blanc,8
countenances,8
arrival,8
straw,8
ten,8
year,8
ears,8
otherwise,8
tear,8
neither,8
money,8
instrument,8
exhibited,8
met,8
conduct,8
confess,8
sincerely,8
virtues,8
procured,8
going,8
seeing,8
blasted,8
reached,8
proceed,8
minutes,8
thank,8
sudden,8
delighted,8
perfectly,8
pale,8
resolution,8
slept,8
obscure,8
effects,8
walton,8
banks,8
communicated,8
ship,8
possession,8
papers,8
animation,8
claim,8
improved,8
incidents,8
criminal,8
affections,8
inhabit,8
winds,8
watch,8
absence,8
character,8
performed,8
sorrowful,8
taught,8
portion,8
speech,8
apply,8
deck,8
lose,8
failed,8
instruments,8
large,8
burst,8
charge,8
dry,8
prepared,8
passing,8
gratitude,8
marked,8
agrippa,8
detail,8
strongly,8
disturbed,8
receive,8
cabin,8
amusement,8
angel,8
regard,8
vice,8
ambition,8
rising,8
summit,8
haunted,8
teeth,8
refuse,8
shed,8
guest,8
single,8
serene,8
closed,8
ran,8
join,8
hair,8
succeeded,8
doubtless,8
gain,8
impressed,8
information,8
emotions,8
materials,8
fatal,8
sake,8
cease,8
week,8
agitated,8
sublime,7
hide,7
chamber,7
accused,7
midnight,7
minute,7
dispositions,7
indignation,7
hired,7
extinguished,7
conjectured,7
ghost,7
peaceful,7
ah,7
worthy,7
seas,7
welcome,7
simple,7
confirmed,7
laboratory,7
begone,7
bounds,7
merely,7
occupation,7
unknown,7
immediate,7
hold,7
troubled,7
wet,7
regarded,7
harsh,7
proved,7
speed,7
arguments,7
enquired,7
aspect,7
animated,7
master,7
roused,7
grave,7
intense,7
discoveries,7
application,7
added,7
extinguish,7
race,7
quantity,7
sorrows,7
train,7
bore,7
interesting,7
disappointment,7
saved,7
mad,7
distinct,7
weight,7
threat,7
appears,7
employment,7
showed,7
slow,7
neglected,7
benevolence,7
art,7
provided,7
regret,7
lead,7
gigantic,7
walk,7
french,7
ago,7
hellish,7
fail,7
sir,7
secure,7
fortunate,7
signs,7
shores,7
sank,7
friendship,7
favourable,7
expressive,7
escaped,7
swear,7
majestic,7
persuaded,7
endeavours,7
general,7
produce,7
conviction,7
crept,7
alps,7
mortal,7
terrific,7
strong,7
fly,7
real,7
fulfilled,7
bare,7
university,7
satisfy,7
elapsed,7
bright,7
oppressed,7
induced,7
connected,7
september,7
northern,7
finished,7
anxious,7
search,7
mentioned,7
public,7
perceive,7
obtained,7
either,7
series,7
content,7
expect,7
precipices,7
dread,7
direct,7
console,7
fit,7
play,7
cheeks,7
unlike,7
immense,7
answered,7
wide,7
exist,7
benefit,7
enemies,7
dogs,7
affectionate,7
works,7
turning,7
side,7
stature,7
opposite,7
sink,7
busy,7
toil,7
malignity,7
wealth,7
loose,7
weeks,7
mild,7
moritz,7
malice,7
plans,7
amidst,7
convey,7
hanging,7
hurried,7
thick,7
heat,7
firm,7
draw,7
features,7
toils,7
tranquil,7
experience,7
overcame,7
o'clock,7
gay,7
wondrous,7
snowy,7
tremendous,7
suppose,7
walking,7
intended,7
raised,7
music,7
immediately,7
placid,6
conducted,6
save,6
company,6
lower,6
grew,6
boy,6
dissipate,6
succeed,6
rhine,6
conscience,6
cheek,6
joined,6
doomed,6
miles,6
renewed,6
rapid,6
mark,6
entering,6
low,6
cornelius,6
attracted,6
direction,6
rude,6
absent,6
slave,6
accident,6
august,6
inn,6
bless,6
disturb,6
places,6
landed,6
tremble,6
liberty,6
arranging,6
irksome,6
multitude,6
described,6
fine,6
questions,6
penetrate,6
painful,6
horrors,6
gradually,6
generally,6
perish,6
begin,6
lessons,6
chemical,6
fainted,6
favour,6
hearing,6
astonishment,6
perceiving,6
triumph,6
record,6
expectation,6
facts,6
italy,6
accompany,6
merchant,6
beaufort,6
perform,6
generous,6
prey,6
seldom,6
soft,6
pride,6
paid,6
united,6
aloud,6
loud,6
abode,6
disposition,6
assist,6
board,6
humanity,6
infant,6
late,6
pretty,6
trembling,6
guide,6
genius,6
safe,6
attend,6
bear,6
traversed,6
spend,6
alarmed,6
conception,6
embraced,6
stream,6
mistaken,6
vanished,6
faces,6
weighed,6
attached,6
rambles,6
knows,6
started,6
avoid,6
usual,6
hung,6
education,6
distinguish,6
played,6
gives,6
cares,6
berries,6
notice,6
exhausted,6
regions,6
news,6
travelled,6
lot,6
violently,6
declined,6
streets,6
elevated,6
judges,6
borne,6
leghorn,6
yellow,6
concealed,6
dreary,6
supernatural,6
parts,6
rested,6
confessed,6
scotland,6
incident,6
making,6
afforded,6
design,6
trust,6
image,6
sentiments,6
chance,6
preceding,6
notwithstanding,6
wound,6
horizon,6
flowers,6
kissed,6
request,6
intercourse,6
horrid,6
arm,6
increase,6
visible,6
fiendish,6
desolation,6
glorious,6
peasants,6
fond,6
broke,6
hated,6
neighbourhood,6
field,6
temper,6
woe,6
principally,6
region,6
entreated,6
delirium,6
talked,6
fury,6
sustain,6
powerful,6
utmost,6
examined,6
agreed,6
source,6
abhorrence,6
earnestly,6
motives,6
wickedness,6
dress,6
lest,6
chief,6
required,6
remaining,6
respect,6
motionless,6
exercise,6
base,6
endued,6
domestic,6
chosen,6
interrupted,6
shelley,6
environs,6
altered,6
guided,6
intend,6
raise,6
frequently,6
comfort,6
south,6
glory,6
destroyer,6
entreat,6
mockery,6
preserve,6
yield,6
deadly,6
force,6
paradise,6
agreeable,6
visions,6
qualities,6
injustice,6
wrote,6
exquisite,6
dearer,6
mischief,5
warmed,5
applied,5
certainty,5
pause,5
anger,5
eloquence,5
man's,5
observe,5
odious,5
unparalleled,5
unhallowed,5
interested,5
unless,5
revolved,5
stay,5
ye,5
sail,5
fill,5
matter,5
improvement,5
beach,5
sentence,5
subjects,5
intentions,5
weak,5
everlasting,5
constant,5
eagerness,5
continual,5
mock,5
blast,5
loathing,5
occurrence,5
whither,5
dressed,5
island,5
supported,5
fact,5
relations,5
apparition,5
tempest,5
torn,5
rule,5
guiltless,5
filthy,5
conclusion,5
boundary,5
highest,5
mournful,5
mingled,5
somewhat,5
proof,5
loathsome,5
swallowed,5
confused,5
appalling,5
accents,5
taste,5
spared,5
requires,5
suffering,5
leaving,5
mere,5
volume,5
enquiries,5
survive,5
blessed,5
drawing,5
yes,5
try,5
threatened,5
o,5
assumed,5
reserved,5
lie,5
tormented,5
keep,5
nay,5
morrow,5
lighted,5
particularly,5
written,5
tore,5
tortures,5
understanding,5
drive,5
add,5
perfect,5
narrative,5
feverish,5
occur,5
recollect,5
causes,5
images,5
deeper,5
milk,5
jura,5
authors,5
windows,5
cottages,5
visits,5
habitation,5
writing,5
putting,5
gathered,5
philosophers,5
female,5
studied,5
castles,5
belonging,5
bleak,5
france,5
tree,5
shattered,5
born,5
setting,5
romantic,5
exile,5
consideration,5
mode,5
birds,5
worth,5
rung,5
innumerable,5
completion,5
coffin,5
impulse,5
persons,5
deserts,5
secrets,5
result,5
introduction,5
groans,5
glance,5
march,5
sights,5
contrast,5
contented,5
occurred,5
childhood,5
green,5
crowd,5
w,5
league,5
self,5
pile,5
enabled,5
arise,5
explained,5
edinburgh,5
joys,5
narration,5
origin,5
dungeon,5
despondency,5
book,5
deliverer,5
reward,5
pains,5
pronounced,5
help,5
knelt,5
forest,5
lord,5
glacier,5
avalanche,5
driven,5
contempt,5
professor,5
relation,5
soothed,5
prepare,5
sick,5
occurrences,5
professors,5
poets,5
renew,5
desires,5
hateful,5
reply,5
lecture,5
additional,5
chemistry,5
judgment,5
higher,5
chiefly,5
overwhelmed,5
seems,5
touched,5
substance,5
chamounix,5
ascend,5
chair,5
possess,5
adversary,5
certain,5
worse,5
cut,5
leisure,5
ties,5
plain,5
heavy,5
sickened,5
poetry,5
descend,5
sickness,5
harmless,5
hut,5
detested,5
abhor,5
welcomed,5
meeting,5
deserted,5
situated,5
conceal,5
leaning,5
credit,5
walls,5
rank,5
formerly,5
blooming,5
seize,5
yesterday,5
four,5
apparent,5
dwell,5
mutual,5
founded,5
rivers,5
brothers,5
drawn,5
common,5
gates,5
archangel,5
ecstasy,5
dying,5
sprung,5
prevent,5
banished,5
severe,5
assure,5
beat,5
hastily,5
breathed,5
disgust,5
insurmountable,5
captain,5
dangers,5
autumn,5
alteration,5
attachment,5
false,5
darted,5
sum,5
dangerous,5
glad,5
hardships,5
perpetual,5
frost,5
commencement,5
grass,5
listening,5
remainder,5
opportunity,5
exertions,5
mist,5
peculiarly,5
reach,5
lakes,5
st,5
seat,5
truly,5
breakfast,5
dreaded,5
conveyed,5
drops,5
collecting,5
shuddered,5
equal,5
probably,5
tenderly,5
wonders,5
nervous,5
necessity,5
nights,5
permitted,5
minds,5
encounter,5
accidents,5
fortitude,5
celestial,5
sympathised,5
composed,5
destined,5
action,5
summits,5
foot,5
languages,5
darling,5
servants,5
road,5
sustained,5
oxford,5
difference,5
poured,5
islands,5
fortnight,5
clothes,5
consented,5
fills,5
delayed,5
permit,5
struggled,5
second,4
bring,4
eat,4
undertake,4
exposed,4
saying,4
appetite,4
voyages,4
injury,4
struggle,4
arranged,4
grand,4
paths,4
dashing,4
informed,4
ensuing,4
deliver,4
dignity,4
ruined,4
branch,4
augmented,4
masters,4
wedding-night,4
becoming,4
picturesque,4
vainly,4
grasped,4
distorted,4
assuredly,4
peasant,4
aside,4
deed,4
fast,4
threats,4
literary,4
talk,4
married,4
destroying,4
madame,4
soothe,4
swiftness,4
singular,4
scenery,4
giving,4
concluded,4
restless,4
induce,4
communication,4
receiving,4
sacrifice,4
inspire,4
offer,4
depressed,4
nursed,4
renders,4
voices,4
combined,4
smiled,4
selfishness,4
expedition,4
share,4
treatment,4
hearts,4
coarse,4
capacity,4
spite,4
ireland,4
impatient,4
spurned,4
enthusiastic,4
suggested,4
converse,4
paracelsus,4
invention,4
composure,4
probability,4
sent,4
luxury,4
spoken,4
imagine,4
pilgrimage,4
inflamed,4
order,4
cloudless,4
stories,4
devote,4
dull,4
deemed,4
evils,4
travels,4
animals,4
laugh,4
contemplate,4
werter,4
six,4
virtuous,4
effort,4
rent,4
advantage,4
soothing,4
lofty,4
contained,4
reverence,4
rugged,4
eluded,4
lament,4
extinction,4
slowly,4
dust,4
ear,4
strangely,4
collect,4
disdain,4
selfish,4
resolving,4
delightful,4
respite,4
mourning,4
shelter,4
befitting,4
caves,4
consumed,4
consequences,4
weeping,4
reading,4
sailed,4
protection,4
ages,4
byron,4
entreaties,4
wandering,4
attending,4
attentions,4
belonged,4
cultivation,4
admire,4
revive,4
shudder,4
extent,4
harmony,4
women,4
knowing,4
theory,4
tenderness,4
incapable,4
highly,4
conjure,4
drink,4
interval,4
ineffectual,4
relief,4
alarm,4
unwilling,4
zeal,4
influence,4
twenty,4
fitted,4
bread,4
moderate,4
line,4
accumulated,4
busied,4
unacquainted,4
laughter,4
delivered,4
mysterious,4
reasoning,4
explain,4
hailed,4
wait,4
freedom,4
scattered,4
helpless,4
custom,4
pursuing,4
gazing,4
useful,4
sting,4
painted,4
tempted,4
whispered,4
alter,4
surround,4
tomb,4
consisted,4
decline,4
noon,4
husband,4
sunshine,4
flesh,4
towns,4
wander,4
forgive,4
respected,4
restrained,4
shade,4
roots,4
equally,4
mixture,4
deceived,4
tales,4
flight,4
ascended,4
thanked,4
previous,4
mention,4
thin,4
throw,4
shock,4
tour,4
notes,4
burden,4
stones,4
bottom,4
reduced,4
preyed,4
decided,4
cultivated,4
veins,4
ignominy,4
offspring,4
removed,4
seemingly,4
agonies,4
scope,4
advancing,4
fingers,4
presumption,4
elizabeth's,4
believes,4
calmed,4
ate,4
extremely,4
willingly,4
introduced,4
hesitated,4
childish,4
descent,4
intellect,4
acted,4
interfere,4
refreshed,4
promontory,4
barrier,4
spectre,4
kept,4
shake,4
endowed,4
decide,4
blow,4
tortured,4
loveliness,4
vines,4
goodness,4
plentiful,4
firmness,4
rests,4
consummation,4
owe,4
overwhelming,4
lies,4
comprehend,4
parched,4
pleasures,4
viewed,4
delights,4
ingratitude,4
height,4
appearances,4
changes,4
snatched,4
senseless,4
tumult,4
mrs,4
demanded,4
saville,4
hundred,4
solemnity,4
disaster,4
break,4
situations,4
torment,4
pursuits,4
stole,4
physical,4
swiss,4
inanimate,4
barred,4
transported,4
clung,4
proportion,4
guitar,4
structure,4
freed,4
eager,4
existing,4
accent,4
seated,4
funeral,4
according,4
actions,4
rely,4
confidence,4
watched,4
conjecture,4
bewildered,4
frozen,4
operations,4
date,4
germany,4
infancy,4
especially,4
serious,4
exchanged,4
resource,4
quite,4
awake,4
contrary,4
strangers,4
traveller,4
habits,4
shown,4
lavenza,4
punishment,4
venerable,4
bade,4
awakened,4
decay,4
tedious,4
yours,4
attributed,4
belrive,4
vow,4
uneasy,4
ebook,4
clouded,4
talent,4
transitory,4
profound,4
worm,4
unhappiness,4
finish,4
slavery,4
ugly,4
pocket,4
confide,4
wafted,4
cheerfulness,4
spark,4
mechanism,4
sadness,4
sentiment,4
bodily,4
hiding-place,4
stupendous,4
ignorance,4
asylum,4
vanish,4
dawned,4
suspense,4
belief,4
flowed,4
property,4
journal,4
sooner,4
dawn,4
examine,4
whence,4
plainly,4
ghastly,4
forgotten,4
characters,4
sympathise,4
victims,4
pole,4
government,4
connection,4
mary,4
depended,4
suspicion,4
remark,4
moral,4
apprehension,4
pardon,4
crush,4
encompassed,4
inaccessible,4
whatever,4
happier,4
loss,4
street,4
waste,4
permission,4
recurred,4
scream,4
ravings,4
show,4
heroes,4
rapture,4
resided,4
ourselves,4
command,4
preparing,4
get,4
cowardice,4
salêve,4
probable,4
neighbouring,4
miserably,4
rustic,4
travel,4
strasburgh,4
law,3
deformed,3
sparkled,3
observing,3
ruins,3
diffused,3
songs,3
unusual,3
ready,3
declare,3
immutable,3
ay,3
distress,3
indulgence,3
shuddering,3
airs,3
king,3
avoided,3
constructed,3
utility,3
machinations,3
considerably,3
embers,3
dried,3
gaiety,3
assisted,3
cloak,3
foundations,3
feeble,3
convalescence,3
vivacity,3
entertained,3
firmly,3
angelic,3
exploded,3
vicious,3
clue,3
magnus,3
apparatus,3
precaution,3
treasures,3
demeanour,3
pail,3
approaching,3
pure,3
foe,3
tall,3
elements,3
uses,3
method,3
godlike,3
previously,3
avail,3
daniel,3
mystery,3
inflicted,3
fully,3
occupy,3
swept,3
albertus,3
cursory,3
accept,3
gestures,3
admired,3
chains,3
aged,3
landscape,3
attempts,3
silver,3
pointed,3
barbarous,3
villagers,3
choice,3
tools,3
wounds,3
party,3
rich,3
chill,3
nourishment,3
religion,3
christian,3
store,3
penetrated,3
tone,3
sensitive,3
disciple,3
intelligence,3
guess,3
cheese,3
carefully,3
lying,3
youthful,3
quitting,3
shrieked,3
used,3
outward,3
deserving,3
expressions,3
cruel,3
loathed,3
damp,3
catastrophe,3
imitate,3
governments,3
prolong,3
wants,3
degradation,3
meanwhile,3
recorded,3
older,3
dispersed,3
floor,3
career,3
leagues,3
risen,3
grateful,3
scientific,3
activity,3
bitterest,3
diligence,3
vegetables,3
harbour,3
mate,3
clings,3
tones,3
banish,3
dearly,3
sang,3
recommence,3
abroad,3
fulfilment,3
rays,3
exhaustion,3
frequent,3
scorn,3
languor,3
pulse,3
impatience,3
corruption,3
cross,3
gnashed,3
awful,3
insupportable,3
corner,3
degraded,3
fired,3
scaffold,3
examining,3
demoniacal,3
lightning,3
space,3
wore,3
falsehood,3
vision,3
madman,3
shine,3
declared,3
flash,3
rob,3
wrinkled,3
bestowing,3
grin,3
severity,3
relied,3
exactly,3
gush,3
unfeeling,3
throat,3
overflowed,3
stopped,3
beast,3
plunge,3
due,3
persecutor,3
peculiar,3
sorry,3
frenzy,3
footnote,3
sole,3
roared,3
horses,3
joyous,3
instructions,3
radiant,3
intolerable,3
uncertain,3
remove,3
mourn,3
torments,3
heart-felt,3
exultation,3
fare,3
esteem,3
load,3
drop,3
beholding,3
streams,3
well-known,3
wilds,3
obliterated,3
exhibit,3
shades,3
regularly,3
sleeping,3
unnatural,3
rocks,3
ascent,3
stirred,3
valued,3
separated,3
glimmer,3
burnt,3
impenetrable,3
unfortunately,3
papa,3
matlock,3
cumberland,3
dated,3
hopeless,3
irresistible,3
charged,3
deposition,3
judged,3
shunned,3
insanity,3
burned,3
possibly,3
deny,3
empires,3
below,3
remind,3
sympathies,3
checked,3
infinite,3
slightest,3
unmingled,3
darkened,3
dim,3
limb,3
enveloped,3
sport,3
running,3
livid,3
reception,3
muscles,3
bloom,3
wildest,3
doubted,3
forgetfulness,3
address,3
compose,3
pretend,3
selected,3
defence,3
murmur,3
eight,3
proportionably,3
thousands,3
colour,3
unremitting,3
northward,3
portrait,3
softened,3
smiling,3
breathless,3
fellow-beings,3
perth,3
temptation,3
coming,3
standing,3
secluded,3
idleness,3
chained,3
details,3
swelled,3
undisturbed,3
recess,3
pretence,3
poison,3
retire,3
indulged,3
blows,3
impulses,3
forcibly,3
impression,3
invincible,3
enchanting,3
uniform,3
repugnance,3
rejoiced,3
enable,3
windings,3
totally,3
veil,3
repeated,3
mists,3
accursed,3
consume,3
steeple,3
glittering,3
allude,3
recalled,3
exceed,3
thence,3
fortunately,3
wanderings,3
unbounded,3
yielded,3
oppressive,3
alike,3
recovery,3
symptoms,3
crossed,3
admirable,3
witness,3
affording,3
basket,3
grant,3
supply,3
cheerfully,3
imaginations,3
instruction,3
meaning,3
bliss,3
astonished,3
irreparable,3
thine,3
devouring,3
satiated,3
fits,3
obtaining,3
detestation,3
sacrilege,3
charm,3
unearthly,3
monstrous,3
subdued,3
tumultuous,3
acquired,3
plunged,3
college,3
sensibly,3
recollected,3
hairs,3
revived,3
nought,3
improvements,3
drove,3
seem,3
particulars,3
recesses,3
affected,3
conscious,3
fishermen,3
principal,3
vessels,3
kindly,3
invisible,3
discourse,3
fishing,3
quiet,3
edge,3
benefactor,3
reveries,3
jewels,3
remote,3
sickening,3
desponding,3
wreak,3
ravine,3
farther,3
annihilation,3
views,3
lately,3
bounded,3
pines,3
omnipotent,3
outcast,3
cherished,3
fixing,3
barren,3
uncouth,3
associated,3
wasted,3
enlightened,3
list,3
lectures,3
inflict,3
niece,3
plainpalais,3
replete,3
omitted,3
glaciers,3
disappointed,3
repulsive,3
displayed,3
conclusions,3
confusion,3
bend,3
overhung,3
recent,3
arve,3
deaths,3
ventured,3
worn,3
blank,3
southern,3
walks,3
snows,3
brave,3
beauties,3
america,3
print,3
bodies,3
assistance,3
heavenly,3
attentively,3
conversed,3
disconsolate,3
rush,3
fragment,3
mariner,3
working,3
projects,3
radiance,3
disclose,3
passionate,3
eastern,3
earnestness,3
valuable,3
services,3
execute,3
utterance,3
deserve,3
pay,3
ease,3
anew,3
marvellous,3
fervour,3
refined,3
july,3
wrapped,3
worst,3
intimate,3
intervals,3
awaken,3
distinction,3
befallen,3
sensibility,3
wreck,3
bearing,3
petersburgh,3
numerous,3
completed,3
excessive,3
reader,3
relates,3
refrain,3
opinion,3
mildness,3
nerves,3
theirs,3
imperfect,3
preceded,3
peril,3
flow,3
7th,3
proposition,3
presents,3
integrity,3
vivid,3
lines,3
inspirited,3
icy,3
meal,3
failing,3
laborious,3
patience,3
arts,3
fiction,3
instigated,3
voluntary,3
cup,3
strove,3
wholly,3
bonds,3
carelessness,3
closer,3
mathematics,3
forbidden,3
learning,3
vital,3
pillow,3
woes,3
excite,3
till,3
inexorable,3
abandoned,3
principle,3
boast,3
cling,3
bought,3
stock,3
earlier,3
airy,3
blessing,3
failure,3
inspired,3
value,3
refused,3
preserved,3
piece,3
heavily,3
philosophical,3
purposes,3
breast,3
consciousness,3
sufficiently,3
countries,3
contrived,3
discovering,3
1831,3
mental,3
illustrious,3
rashly,3
spread,3
uncommon,3
owed,3
caroline,3
active,3
student,3
practical,3
reverie,3
accounts,3
style,3
attendant,3
conversations,3
fix,3
spare,3
orphan,3
corrected,3
ceremony,3
emotion,3
dreadfully,3
creations,3
remarkably,3
pittance,3
mistress,3
regarding,3
imitation,3
breathe,3
exert,3
fearing,3
r,3
earnest,3
stand,3
service,3
else,3
recording,3
sweetness,3
gift,3
gladness,3
despairing,3
paper,3
accomplish,3
german,3
trouble,3
idle,3
desirous,3
inconstant,3
adored,3
creating,3
void,3
resources,3
evidently,3
entire,3
track,3
tastes,3
suggestion,3
unworthy,3
wildness,3
formation,3
calmer,3
terrified,3
cheering,3
thanks,3
commit,3
shapes,3
plains,3
volumes,3
cleared,3
carriage,3
atmosphere,3
ordinary,3
devotion,3
terrors,3
faith,3
clothed,3
frightened,3
measure,3
emaciated,3
protect,3
pistol,3
writers,3
boundless,3
conflict,3
intrusion,3
watchful,3
earliest,3
thrill,3
opening,3
inform,3
indulging,3
intention,3
playing,3
merits,3
perpetually,3
imaginary,3
executed,3
waking,3
castle,3
wisdom,3
indefatigable,3
breaking,3
gratification,3
indifferent,3
hereafter,3
begun,3
exclamation,3
variety,3
crowded,3
marrying,3
cracked,3
watery,3
wherefore,3
advance,3
release,3
bid,3
engage,3
swelling,3
third,3
won,3
ice-raft,3
prometheus,3
weakness,3
element,3
shutters,3
precious,3
excellence,3
personal,3
accuse,3
opinions,3
fish,3
brink,3
midst,3
motions,3
savage,3
crown,3
celebrated,2
ragged,2
throwing,2
fifteen,2
extended,2
revolution,2
cloudy,2
dislike,2
surrounding,2
shocking,2
guessed,2
wrong,2
renowned,2
mayence,2
elder,2
becomes,2
heroism,2
torrents,2
bears,2
falling,2
finally,2
greek,2
rowing,2
eagle,2
incredulous,2
disorder,2
confirm,2
unrestrained,2
contributed,2
exercised,2
shaded,2
sagacity,2
rushing,2
brutality,2
relinquished,2
sensitiveness,2
profession,2
clearly,2
englishman,2
feminine,2
sympathising,2
clapped,2
heartless,2
tide,2
god's,2
rival,2
keen,2
pays,2
remarkable,2
prejudices,2
recover,2
unchecked,2
concealing,2
attentive,2
prose,2
attacked,2
tingling,2
entreating,2
sloping,2
recognised,2
labourers,2
encountering,2
persuasions,2
prize-money,2
shout,2
post,2
reassure,2
pace,2
resemblance,2
briefly,2
despise,2
day's,2
annoyed,2
interview,2
postponed,2
waiting,2
complaints,2
traverse,2
fearfully,2
agitates,2
empty,2
unspeakable,2
repay,2
lieutenant,2
handwriting,2
offered,2
montanvert,2
trample,2
suspended,2
greece,2
destination,2
spurn,2
footsteps,2
glut,2
involuntarily,2
meadows,2
expanse,2
assemblage,2
justified,2
iv,2
5th,2
ascribed,2
unjust,2
habit,2
forbear,2
avenue,2
insect,2
envy,2
reproach,2
forehead,2
rambling,2
combat,2
navigators,2
startled,2
ugliness,2
happen,2
adieu,2
trade,2
unwholesome,2
overwhelm,2
cool,2
furious,2
novelties,2
fierce,2
supreme,2
forces,2
vent,2
correspondence,2
hamlet,2
momentarily,2
mile,2
excluded,2
inequalities,2
dimmed,2
eaten,2
histories,2
vows,2
plutarch's,2
damps,2
skies,2
west,2
hiding-places,2
bride,2
profited,2
realise,2
talking,2
westmorland,2
affecting,2
adam,2
diverted,2
irregular,2
floated,2
accumulation,2
defend,2
hoping,2
neglect,2
vintage,2
luxuriant,2
comrades,2
cell,2
supple,2
bolt,2
sockets,2
groaned,2
shrink,2
kiss,2
top,2
amounted,2
highlands,2
panes,2
kill,2
embarkation,2
britain,2
hurry,2
impelled,2
extinct,2
link,2
promises,2
speaking,2
sleepless,2
awe,2
imbued,2
oar,2
communicate,2
joints,2
pleasurable,2
unfinished,2
mummy,2
strewed,2
resolutions,2
traces,2
satan,2
gall,2
solicited,2
woman's,2
prayed,2
thinking,2
inclinations,2
overflowing,2
continuing,2
guarded,2
precipitous,2
peeping,2
turns,2
doth,2
surmount,2
lonely,2
especial,2
unexplored,2
fertile,2
gales,2
announce,2
occasions,2
moderation,2
exceeded,2
iii,2
majesty,2
complexion,2
acceded,2
dependent,2
peaks,2
skin,2
expiration,2
windsor,2
bold,2
convulsive,2
withered,2
half-extinguished,2
dismay,2
reverse,2
printed,2
enjoyments,2
cheat,2
adorns,2
woful,2
allusion,2
stairs,2
mysteries,2
inarticulate,2
terribly,2
brilliant,2
interspersed,2
perseverance,2
chattered,2
apt,2
folds,2
surface,2
explore,2
relative,2
growth,2
boyhood,2
boundaries,2
rolled,2
pen,2
bedside,2
precipitate,2
depraved,2
perpendicular,2
lean,2
stayed,2
sleeps,2
11th,2
illuminated,2
intently,2
forebodings,2
welfare,2
war,2
hasty,2
proportions,2
indignant,2
disclosed,2
faint,2
pieces,2
ghosts,2
anxiously,2
amused,2
minutely,2
desolated,2
hero,2
perplexed,2
sinking,2
interchange,2
realities,2
exchange,2
garb,2
laid,2
uttering,2
parent,2
regretted,2
indelible,2
loitered,2
relatives,2
sufferer,2
split,2
resignation,2
injuries,2
fervent,2
enticements,2
palaces,2
representations,2
decisive,2
errors,2
prophetic,2
regulate,2
graves,2
survivors,2
reserve,2
stifle,2
hapless,2
pang,2
seeming,2
calmness,2
untimely,2
tread,2
gushed,2
extremest,2
reasonably,2
imprinted,2
stir,2
flying,2
broad,2
fashioned,2
flashes,2
disk,2
creature's,2
perished,2
hill,2
landing,2
lightnings,2
fade,2
mounted,2
maker,2
surpassing,2
globe,2
productions,2
artist,2
example,2
phenomena,2
terrify,2
tearing,2
undiscovered,2
resigned,2
universal,2
confine,2
condemn,2
unexpected,2
meditate,2
relieved,2
audible,2
remotest,2
shrill,2
esteemed,2
betray,2
market-woman,2
november,2
announced,2
adduced,2
enormity,2
sworn,2
exempt,2
knees,2
engaging,2
enchantment,2
recommended,2
interpretation,2
breezes,2
requisition,2
confines,2
alterations,2
gun,2
educated,2
pages,2
core,2
rational,2
vowed,2
progeny,2
beg,2
shoulder,2
wantonly,2
wicked,2
preface,2
declaration,2
incitement,2
surprising,2
october,2
barn,2
secured,2
novelty,2
affords,2
suffocated,2
comprehensive,2
publicly,2
circumstantial,2
confer,2
forbid,2
consoles,2
proclaim,2
hers,2
stony,2
flames,2
sanguinary,2
unfulfilled,2
concern,2
vigour,2
mournfully,2
apparel,2
wishing,2
southward,2
to-day,2
moonlight,2
geography,2
succour,2
rash,2
combinations,2
fringed,2
lashes,2
decayed,2
affright,2
elementary,2
principles,2
kneel,2
exclamations,2
report,2
candour,2
visage,2
prejudiced,2
incomplete,2
piercing,2
cheered,2
sure,2
night's,2
sins,2
12th,2
kneeling,2
servox,2
unprejudiced,2
resembled,2
intensity,2
friendless,2
russia,2
mediterranean,2
ensure,2
type,2
congratulatory,2
cope,2
reminded,2
access,2
maddening,2
curling,2
laughing,2
prevents,2
matters,2
unconscious,2
persuading,2
exasperated,2
manoir,2
difficult,2
repentance,2
prejudice,2
offering,2
seizing,2
alleging,2
writhed,2
sincere,2
acquitted,2
proud,2
please,2
engagement,2
fondly,2
journeying,2
injure,2
chase,2
fatigued,2
18th,2
affirmative,2
beneficial,2
deer,2
detestable,2
wherever,2
possibility,2
deeds,2
linked,2
participate,2
phrase,2
despised,2
piny,2
dejection,2
colours,2
withstand,2
prevail,2
shining,2
domes,2
habitations,2
widow,2
approve,2
hideousness,2
rotterdam,2
difficulties,2
rewarded,2
amuse,2
overhangs,2
remarked,2
flit,2
horseback,2
dauntless,2
mule,2
ministers,2
confessor,2
epoch,2
partiality,2
consist,2
blessings,2
reminds,2
absorbed,2
laying,2
gesture,2
respects,2
packed,2
ii,2
repaid,2
elephant,2
passes,2
depend,2
guise,2
actually,2
twice,2
impress,2
dispel,2
brooded,2
elevates,2
run,2
impotence,2
prolonged,2
steady,2
europe,2
shutting,2
stillness,2
tidings,2
sails,2
successive,2
middle,2
waved,2
thomas's,2
library,2
hilarity,2
afternoon,2
mutiny,2
guiding,2
conducting,2
docile,2
dews,2
assassin,2
feels,2
description,2
motive,2
communion,2
unjustly,2
chain,2
blight,2
thirsted,2
believing,2
supposing,2
miniature,2
gather,2
clasping,2
generation,2
betrayed,2
intercept,2
finger,2
murderer's,2
scoffing,2
unprotected,2
imminent,2
revisit,2
resumed,2
arabic,2
persian,2
east,2
toward,2
famine,2
monsters,2
differed,2
happily,2
listener,2
unfit,2
consternation,2
solemnisation,2
precipice,2
derive,2
dictate,2
moulding,2
approbation,2
blunt,2
quenched,2
calling,2
hardship,2
roads,2
ices,2
bud,2
verdant,2
galvanism,2
signal,2
extraordinary,2
enjoined,2
compensated,2
inherited,2
experiments,2
tribute,2
darwin,2
prospects,2
dedicated,2
temporary,2
dr,2
listless,2
dashed,2
recompense,2
exception,2
process,2
customs,2
benignity,2
quietly,2
film,2
attendants,2
influenced,2
assertion,2
constantly,2
adversity,2
plaited,2
triumphed,2
skiff,2
control,2
menaced,2
decreased,2
beggar,2
caught,2
boats,2
commission,2
novels,2
persuasion,2
inaction,2
consequently,2
grieved,2
actual,2
moulded,2
hushed,2
honourable,2
retreated,2
lucerne,2
brightness,2
loaded,2
deplored,2
lights,2
overjoyed,2
bringing,2
indulge,2
averse,2
monotonous,2
provide,2
sustenance,2
resembling,2
interment,2
decision,2
suited,2
upright,2
behaviour,2
built,2
appertaining,2
consumption,2
mood,2
convenience,2
starvation,2
firing,2
sheltered,2
overthrow,2
fatality,2
turkish,2
communicating,2
shaken,2
functions,2
electricity,2
obvious,2
articulate,2
climate,2
grace,2
inexpressible,2
souls,2
uneasiness,2
uncontrollable,2
solve,2
disposed,2
north-east,2
prosecution,2
associate,2
tormenting,2
rudder,2
standard,2
constantinople,2
lulled,2
doating,2
avert,2
preservation,2
fondness,2
trait,2
miraculous,2
prosperity,2
beaming,2
utensils,2
magnificence,2
oblivion,2
varied,2
conjured,2
imbibed,2
greedily,2
enjoys,2
sacrificed,2
studying,2
alchymists,2
succession,2
consummate,2
reside,2
compared,2
endless,2
usually,2
chink,2
trains,2
turks,2
internal,2
alighted,2
loaf,2
writings,2
clean,2
villain,2
enquirers,2
neat,2
sit,2
accounted,2
results,2
quality,2
strain,2
barbarity,2
sign,2
mentioning,2
inclined,2
immured,2
pool,2
balanced,2
crevice,2
asia,2
fellow-professor,2
precision,2
gratified,2
streamed,2
repent,2
rejected,2
nightingale,2
sobbed,2
authorship,2
withdrew,2
business,2
forgot,2
affairs,2
prevented,2
fuel,2
treasure,2
apart,2
comforter,2
nook,2
plants,2
incoherent,2
completely,2
flourishing,2
production,2
illustration,2
seeking,2
sinks,2
lustrous,2
station,2
interrupt,2
patient,2
irrevocably,2
warmest,2
despondence,2
desiring,2
gently,2
lineaments,2
attitude,2
preparations,2
playmate,2
isle,2
furniture,2
harrowing,2
gallant,2
morning's,2
wrecked,2
susceptible,2
eldest,2
illustrated,2
lingered,2
usefulness,2
extensive,2
priest,2
lowest,2
soaring,2
aim,2
breath,2
murderous,2
tapped,2
shared,2
await,2
disgrace,2
online,2
included,2
aught,2
cries,2
rough,2
sullen,2
animate,2
narrow,2
consulted,2
insensible,2
verdure,2
carelessly,2
bounding,2
genial,2
bloomed,2
fairer,2
inclemency,2
squalid,2
poisoned,2
regulated,2
unfair,2
villa,2
lighter,2
torrent,2
sources,2
chamois,2
prevailed,2
abject,2
ruled,2
subsequent,2
saintly,2
benefactors,2
unfolded,2
purport,2
research,2
hidden,2
enraptured,2
redeem,2
akin,2
table,2
herbage,2
agonising,2
feature,2
plays,2
scent,2
heroic,2
instructed,2
chivalry,2
seven,2
closest,2
send,2
whatsoever,2
muscle,2
adventurous,2
project,2
flushed,2
relapse,2
turnkeys,2
insisted,2
companionship,2
gutenberg,2
subsisted,2
pointing,2
aerial,2
families,2
momentary,2
temperature,2
seasons,2
relaxed,2
conversing,2
alpine,2
physician,2
distinctly,2
advantages,2
exerted,2
inexhaustible,2
ass,2
devils,2
irish,2
invulnerable,2
disease,2
charity,2
group,2
instances,2
elixir,2
stone,2
fiend's,2
note,2
obstructed,2
scared,2
transcriber's,2
c,2
como,2
vacancy,2
schools,2
routine,2
unfolding,2
accorded,2
lesson,2
recollections,2
reference,2
oak,2
issue,2
mother's,2
lasted,2
caresses,2
quarters,2
mutable,2
plaything,2
exhortations,2
current,2
debility,2
encourage,2
systems,2
unperceived,2
angry,2
ashes,2
inexperience,2
guardian,2
century,2
gentleman,2
blot,2
examination,2
hungry,2
distributed,2
signification,2
embued,2
hardy,2
inquisitive,2
fancies,2
strangled,2
distributing,2
unfavourable,2
ample,2
win,2
absolutely,2
system,2
torpor,2
rhone,2
wert,2
unsatisfied,2
supposition,2
afflicted,2
dozen,2
overlook,2
expanded,2
delicate,2
proper,2
singularly,2
doated,2
secondary,2
final,2
deposed,2
impending,2
number,2
nugent,2
philosopher,2
penury,2
warmer,2
apprehensions,2
fellows,2
milan,2
wanderer,2
dragged,2
poignant,2
chilled,2
employ,2
conquered,2
weakened,2
chord,2
vices,2
beaten,2
replace,2
treachery,2
dash,2
heaths,2
charnel-houses,2
route,2
unguarded,2
pistols,2
stamp,2
affair,2
languid,2
reveal,2
travelling,2
aided,2
draught,2
italian,2
lovers,2
personally,2
reposed,2
impotent,2
common-place,2
oars,2
inconceivable,2
thrush,2
manifested,2
simplest,2
saluted,2
tenderest,2
chimney,2
hiding,2
consecrate,2
contentment,2
scents,2
tinged,2
enchanted,2
physiognomy,2
measures,2
huge,2
thrust,2
insatiable,2
earthquake,2
exceedingly,2
cry,2
page,2
1816,2
suppress,2
malignant,2
modesty,2
acquirement,2
turkey,2
touching,2
tasted,2
deepest,2
brook,2
blinded,2
busier,2
price,2
acquire,2
fanned,2
ability,2
dizzy,2
travellers,2
neighbours,2
equals,2
fashion,2
requested,2
advice,2
placing,2
punish,2
operation,2
roarings,2
mien,2
accomplished,2
developed,2
magic,2
replaced,2
trifling,2
original,2
groan,2
pangs,2
memorable,2
ended,2
arrange,2
acorns,2
enraged,2
precarious,2
ultimately,2
equalled,2
nuts,2
incredible,2
oppression,2
remonstrate,2
illuminate,2
infinitely,2
grey,2
thenceforth,2
clasp,2
attractive,2
tay,2
squalidness,2
houses,2
reputation,2
argument,2
enjoying,2
rapidity,2
beware,2
stately,2
encouraged,2
inciting,2
deceit,2
proficiency,2
huts,2
settled,2
sunset,2
fame,2
flung,2
closely,2
baffled,2
interests,2
restrain,2
accuracy,2
praise,2
commanded,2
practice,2
folly,2
kinds,2
limit,2
speaks,2
circle,2
suspect,2
whirlwinds,2
grandeur,2
obscured,2
rocky,2
solely,2
preparation,2
evian,2
abandon,2
main,2
european,2
foliage,2
menaces,2
double,2
foreign,2
elevating,2
incessantly,2
proceeding,2
extremity,2
pronouncing,2
dwelt,2
herb,2
ordered,2
simpler,2
allured,2
lessened,2
supplied,2
descends,2
natures,2
adequate,2
carry,2
repaired,2
rouse,2
presentiment,2
yon,2
asleep,2
scotch,2
conciliating,2
maintenance,2
orb,2
adversary's,2
fluctuating,2
occasioned,2
diabolical,1
endangered,1
founders,1
dealing,1
subsist,1
irradiation,1
coarser,1
plutarch,1
warbling,1
agile,1
misled,1
allowing,1
claimed,1
outraged,1
profits,1
familiarised,1
schemes,1
sphere,1
remorse?--he,1
infused,1
emergency,1
apprehending,1
combustibles,1
points,1
threaten,1
confidential,1
fraud,1
hideously,1
admit,1
charming,1
distinguishing,1
diet,1
death--a,1
relationships,1
association,1
acting,1
reiterating,1
republics,1
daughter's,1
using,1
curious,1
polluted,1
werter's,1
females,1
mandate,1
unquenched,1
sallies,1
lichen,1
feebly,1
fraught,1
gesticulations,1
tyrannical,1
appeased,1
divulged,1
strive,1
disturbs,1
stupid,1
balancing,1
comment,1
tenement,1
inside,1
expostulate,1
angrily,1
rustling,1
extremes,1
irretrievable,1
unseen,1
2d,1
fainter,1
countrymen,1
pausing,1
bind,1
stealth,1
owing,1
disowned,1
sexes,1
indecision,1
vagabond,1
canvassed,1
framed,1
heatless,1
declamatory,1
self-devoted,1
omit,1
imprecate,1
curses,1
religions,1
thinks,1
enkindled,1
aspired,1
leathern,1
speculations,1
comes,1
insight,1
never-ending,1
serves,1
fairly,1
degenerating--of,1
irretrievably,1
romans--of,1
analysis,1
conflagration,1
pretension,1
hoarser,1
omnipotence,1
wars,1
grecians,1
asiatics,1
speculation,1
slothful,1
nations,1
hardened,1
map,1
lovedst,1
budding,1
humid,1
articles,1
thankfulness,1
herd,1
comprehended,1
skirted,1
2863,1
containing,1
cypress,1
prize,1
talents,1
achievements,1
daylight,1
slipt,1
printer,1
bedewed,1
ill-fated,1
infinity,1
ecstacy,1
extract,1
cabin-window,1
explanations,1
projectors,1
consummated,1
locks,1
portmanteau,1
spottiswoode,1
volney's,1
new-street-square,1
balminess,1
forgetting,1
texture,1
empire,1
christianity,1
depth,1
triumphantly,1
rankle,1
bloodshed,1
heeded,1
adverse,1
western,1
precisely,1
learnt,1
abhorrent,1
brand,1
superfluous,1
mole,1
dangerously,1
calculated,1
infantine,1
danced,1
division,1
overshadowed,1
stings,1
rare,1
unformed,1
vestige,1
coolness,1
eradicated,1
riches,1
didst,1
inadequate,1
unsullied,1
possessions,1
similar,1
hadst,1
modified,1
wouldst,1
tended,1
social,1
district,1
recognise,1
narrations,1
south-westerly,1
generosity,1
actor,1
perceptions,1
hemisphere,1
redress,1
scion,1
american,1
exulting,1
trod,1
portend,1
obeying,1
kings,1
rarely,1
fitness,1
exult,1
bushes,1
self-reproaches,1
later,1
repulses,1
reconcile,1
torturing,1
heath,1
befall,1
disquisitions,1
suicide,1
licked,1
forked,1
scaring,1
deprecate,1
tongues,1
xv,1
sending,1
fool,1
transcendent,1
cowards,1
disobey,1
exerting,1
yourselves,1
hazard,1
defeat,1
strengthened,1
decipher,1
planks,1
associates,1
captive,1
shame,1
owning,1
fire-sides,1
intimacy,1
thoughtfulness,1
minutest,1
copies,1
riot,1
repeat,1
long-continued,1
implements,1
died!--nay,1
dozing,1
comparable,1
interpreter,1
dominions,1
stuff,1
denied,1
disgusting,1
catalogue,1
demands,1
knocked,1
offers,1
emblem,1
self-interest,1
assigned,1
germans,1
grate,1
lukewarm,1
choose,1
craving,1
brotherly,1
man--'come,1
kind--they,1
secretly,1
endow,1
prosperous,1
blameless,1
encountered,1
prisoner,1
unwillingly,1
wrenched,1
amazed,1
countryman;--are,1
kindle,1
wasting,1
irresolute,1
host,1
heart-broken,1
afraid,1
handed,1
fitter,1
resentment,1
pitied,1
oblige,1
chilly,1
red,1
tolerated,1
mahometan,1
9th,1
adam's,1
participated,1
supplication,1
despond,1
assume,1
passports,1
heed,1
fellow-feeling,1
bleakness,1
reigned,1
opprobrium,1
conformation,1
indelibly,1
endurance,1
haram,1
terminate,1
arab,1
undergo,1
amusements,1
moonshine,1
unsupported,1
withdrawn,1
frail,1
fortify,1
thus--not,1
buildings,1
ramble,1
emulation,1
hypocritical,1
eve,1
infantile,1
"shamefully,--my",1
plenty,1
strenuously,1
falsely,1
fellow-devils,1
brows,1
compassionate,1
cenis,1
aspire,1
tenets,1
bondage,1
nourished,1
depending,1
stigma,1
meanest,1
alluring,1
adapt,1
good-will,1
mediation,1
independence,1
rekindled,1
whine,1
fought,1
passive,1
followers,1
introducing,1
lyons,1
importance,1
fugitives,1
mahomet,1
torch,1
backs,1
yearned,1
pardoning,1
casualties,1
modulated,1
lingering,1
undeceive,1
behalf,1
bird,1
refusing,1
rouses,1
lawgivers,1
peaceable,1
traitor,1
auguries,1
refinement,1
specimen,1
irremediable,1
talks,1
massacring,1
insultingly,1
governing,1
luxurious,1
stag-like,1
ranging,1
xvi,1
shrieks,1
preference,1
glutted,1
boils,1
lycurgus,1
injured,1
solon,1
select,1
energies,1
deed--oh,1
howlings,1
numa,1
obnoxious,1
mole-hills,1
claims,1
arch-fiend,1
glory;--i,1
unsympathised,1
extents,1
visitings,1
school,1
assemblages,1
meed,1
actuated,1
renounce,1
xiv,1
havoc,1
imprudently,1
kingdoms,1
surpassed,1
self-deceit,1
terminated,1
gloried,1
inexperienced,1
determining,1
thither,1
underwood,1
expectations,1
regards,1
affluence,1
existed,1
superiors,1
bred,1
ranked,1
needed,1
haunt,1
myriads,1
mightier,1
concerned,1
ladies,1
crushed,1
trampled,1
facilitated,1
instigate,1
plot,1
admittance,1
surmounted,1
slaughter,1
execrate,1
soldier,1
assures,1
grated,1
deputation,1
time!--save,1
saviour,1
composing,1
fruitless,1
noisome,1
contumely,1
despaired,1
kicked,1
undeceiving,1
unreservedly,1
building,1
detect,1
fellowship,1
smooth,1
sinned,1
persuades,1
desperation,1
similarity,1
referred,1
exciting,1
surgeon,1
warring,1
serviceable,1
impressions,1
leader,1
grieve,1
antelope,1
stick,1
unheard-of,1
well-being,1
abortion,1
lion,1
rends,1
wan,1
boarder,1
paramount,1
lifelessness,1
refrained,1
repeating,1
romulus,1
glimmers,1
blamable,1
friend--his,1
flagrant,1
theseus,1
ten-thousandth,1
immaculate,1
"said--""alas",1
alleged,1
treacherous,1
patriarchal,1
condemnation,1
"listlessly,--i",1
bidding,1
accidentally,1
transport,1
convent,1
admission,1
ensued,1
taunt,1
greatness,1
scraggy,1
tremulous,1
intermixed,1
sicken,1
tragedy,1
xx,1
compact,1
provocation,1
decorations,1
propagated,1
serve,1
tangible,1
generations,1
sophisms,1
pest,1
nicer,1
ever-watchful,1
buy,1
seal,1
unavoidable,1
casement,1
cruelly,1
fulfilling,1
allotted,1
forests,1
howl,1
devilish,1
locking,1
inheritance,1
austrian,1
openly,1
ungazed,1
assembled,1
tokens,1
luxuries,1
diffidence,1
vacant,1
rooms,1
bustle,1
thatch,1
unplastered,1
pervaded,1
hinges,1
benumbed,1
delusion,1
unequal,1
unmolested,1
coarsest,1
artifice,1
dagger,1
ever-changing,1
thickly,1
giant,1
toiled,1
experiment,1
attack,1
proceedings,1
immersed,1
resume,1
transfer,1
despondent,1
paradisiacal,1
tormentor,1
gazes,1
fearless,1
torturer,1
wiliness,1
inevitable,1
snake,1
bared,1
angel's,1
apple,1
venom,1
coward,1
whisper,1
henceforth,1
death-warrant,1
re-read,1
precipitation,1
penniless,1
homeless,1
adrift,1
shot,1
arrowy,1
lands,1
perturbed,1
massacred,1
strife,1
tyrant,1
remains--revenge,1
specked,1
rooted,1
charmed,1
thinner,1
revealed,1
centred,1
profundity,1
arrested,1
paddling,1
retard,1
creaking,1
designs,1
softly,1
helplessness,1
smothered,1
grovel,1
willow,1
conduce,1
incalculable,1
reasoned,1
condescension,1
enunciation,1
master;--obey,1
irresolution,1
exasperate,1
requited,1
binding,1
ravish,1
nuptial,1
hot,1
expire,1
canopy,1
spectacle,1
pitiable,1
identify,1
animating,1
hampden,1
sell,1
patriot,1
debasing,1
self-sacrifice,1
monuments,1
remembrancers,1
iron,1
vulture,1
scale,1
cave,1
cabinets,1
curiosities,1
swifter,1
collections,1
derby,1
outlines,1
displaying,1
patches,1
acquaintances,1
capacities,1
inferiors,1
traveller's,1
be--a,1
elasticity,1
ennui,1
colleges,1
charles,1
faithful,1
nation,1
extremities,1
forsaken,1
parliament,1
falkland,1
trickling,1
insolent,1
goring,1
fibre,1
queen,1
dropped,1
discontent,1
isis,1
flows,1
intervened,1
reflects,1
towers,1
spires,1
inspecting,1
passages,1
embosomed,1
timid,1
embittered,1
anticipation,1
includes,1
stretch,1
begins,1
permits,1
pebble,1
swimming,1
coupar,1
andrew's,1
humour,1
rendezvous,1
congenial,1
dissuade,1
dome,1
sinister,1
whispers,1
parted,1
orkneys,1
pentland,1
enslave,1
soil,1
invader,1
pasture,1
opposing,1
coasting,1
emulate,1
cows,1
surmounting,1
montalègre,1
oatmeal,1
gaunt,1
termination,1
bernard's,1
finds,1
amphitheatre,1
engages,1
forsakes,1
appointment,1
dæmon's,1
xxiii,1
hay,1
ruffled,1
amazing,1
range,1
superscription,1
ascertain,1
spire,1
expedite,1
divert,1
glens,1
remissness,1
murdering,1
chasms,1
fancied,1
antiquity,1
drance,1
pleasing,1
regularity,1
distraction,1
arthur's,1
instants,1
insatiate,1
vanquished,1
victorious,1
"words--""_i",1
lantern,1
drowned,1
inquietude,1
skeleton,1
handsome,1
"wreck,--the",1
fatigues,1
unfailing,1
concealment,1
committing,1
vigilance,1
attendance,1
unceasing,1
paroxysms,1
divinest,1
augury,1
du,1
maladie,1
visit--of,1
swore,1
lids,1
positively,1
orbs,1
push,1
languishing,1
rubbed,1
glared,1
sands,1
tackle,1
carrying,1
conductor,1
villains,1
dialogue,1
restlessness,1
murmuring,1
night-mare,1
ill-looking,1
kirwin's,1
honest,1
folks,1
profoundly,1
drug,1
laudanum,1
residing,1
creek,1
politic,1
construed,1
calamity,1
repassed,1
blew,1
recall,1
xxi,1
conductors,1
brother-in-law,1
havre-de-grace,1
northerly,1
port,1
apothecary,1
dense,1
arisen,1
medicines,1
bolts,1
hangs,1
assurances,1
flashed,1
bad,1
characterise,1
elizabeth--and,1
safe--and,1
class,1
indifference,1
that's,1
prescribed,1
hangman,1
throbbings,1
fee,1
recovering,1
penalty,1
comfortable,1
mortals,1
persecuted,1
chances,1
hospitality,1
unaccountable,1
inspiring,1
retrospect,1
letter.--but,1
gaolers,1
awaking,1
likely,1
appearing,1
deposited,1
coincidences,1
palace,1
vexations,1
liberated,1
eventful,1
removal,1
orkney,1
gasped,1
bill,1
jury,1
decides,1
convulsions,1
executing,1
county-town,1
grasping,1
assizes,1
snatches,1
brides,1
bury,1
worms,1
speechless,1
resist,1
award,1
shocks,1
wheel,1
inhospitably,1
englishmen,1
roughly,1
indian,1
imperious,1
satisfying,1
curbed,1
ravenous,1
oaten,1
cake,1
fishing-boat,1
packet,1
wearing,1
fruitlessly,1
self-violence,1
negotiation,1
besought,1
death-knell,1
alluded,1
southwards,1
pack,1
obliterate,1
handle,1
deranged,1
daybreak,1
summoned,1
energetically,1
unlocked,1
infatuation,1
half-finished,1
formidable,1
weigh,1
confided,1
eternally,1
"elizabeth,--of",1
glimpse,1
wedding,1
barbarously,1
"her,--tears",1
"fiend--""_i",1
to-morrow,1
obey,1
obstacle,1
tenfold,1
disinterested,1
cruellest,1
futurity,1
doubts,1
depths,1
contention,1
insuperable,1
opposed,1
truth--do,1
entertain,1
wearily,1
playfellows,1
uninterrupted,1
separation,1
overpowered,1
postpone,1
uncontrollably,1
mangled,1
frowning,1
swell,1
methods,1
immeasurable,1
buffeted,1
prelude,1
flew,1
erroneous,1
overtaxed,1
xxii,1
merciless,1
closing,1
breakers,1
imparted,1
flood,1
slenderly,1
disastrous,1
established,1
clinging,1
steered,1
truce,1
civilised,1
traced,1
security,1
issuing,1
directly,1
hoarse,1
disconcerted,1
atlantic,1
compass,1
inmates,1
futility,1
hearer,1
relics,1
tongue,1
maintained,1
cleaning,1
renewing,1
basest,1
atrocious,1
aboard,1
imprisonment,1
henry--they,1
this--i,1
acts,1
remedy,1
hunt,1
revel,1
unchained,1
overspread,1
gurgling,1
position,1
brethren,1
keel,1
incurable,1
soundly,1
coast,1
embarked,1
transacted,1
purest,1
pathetic,1
realised,1
wider,1
trifled,1
necessarily,1
horror-struck,1
harnessed,1
trained,1
armed,1
calculations,1
ice-caves,1
ridges,1
accurate,1
sea-shore,1
possessing,1
grapple,1
gibe,1
faculties,1
greeks,1
ruggedness,1
oath,1
unabated,1
invigorated,1
burns,1
prayer,1
unutterable,1
furs,1
undulations,1
wrap,1
feint,1
frosts,1
distrust,1
cruelty,1
provision,1
reasonable,1
sex,1
retribution,1
lamb,1
provisions,1
kid,1
ripen,1
purchasing,1
wantonness,1
land-sledge,1
hovered,1
pitiless,1
destructive,1
propose,1
beasts,1
persevere,1
argue,1
harden,1
compassionated,1
mass,1
withhold,1
triumphant,1
sunny,1
"ocean,--amidst",1
mountainous,1
verge,1
winding,1
"words:--""prepare",1
avow,1
eradicating,1
mechanical,1
blackness,1
overcast,1
rippling,1
dreaming,1
salutations,1
readier,1
toilsome,1
wearied,1
retain,1
cooking,1
killed,1
shrunk,1
treble,1
exordium,1
tie,1
declining,1
assistants,1
considering,1
every-day,1
population,1
infirmities,1
competent,1
courses,1
interpret,1
absolute,1
material,1
half-way,1
impassive,1
resting-place,1
inscription,1
fountain,1
article,1
twinkling,1
siroc,1
hovels,1
sensations--they,1
thickened,1
wrestle,1
hare,1
tardily,1
mountain's,1
disquisition,1
inscriptions,1
legible,1
haggard,1
ban--as,1
reign,1
sympathies--as,1
adoration,1
dedicate,1
xviii,1
barks,1
devoting,1
marks,1
protraction,1
wrung,1
herds,1
ice-mountain,1
counsel,1
hurt,1
pieces--you,1
ogre--let,1
syndic--he,1
frankenstein--he,1
belong,1
enemy--to,1
epithets,1
clapping,1
drunk,1
strangest,1
posterity,1
mutilated,1
asseverations,1
imprecations,1
venting,1
bursting,1
volcano,1
suppressing,1
downcast,1
joy-imparting,1
curdles,1
congeal,1
26th,1
fairest,1
near--he,1
destitute,1
peopled,1
educate,1
literature,1
playfully,1
aimed,1
injurer,1
forcible,1
displays,1
bone,1
gnashing,1
pulses,1
cure,1
ball,1
rate,1
extracting,1
infliction,1
composes,1
revenge--a,1
compensate,1
outrages,1
imposing,1
healed,1
alleviated,1
insulted,1
excitements,1
painfully,1
derives,1
sportiveness,1
holds,1
continuation,1
sleeper,1
aright,1
contemns,1
extort,1
joint,1
threatening,1
ominous,1
malicious,1
perceptibly,1
pities,1
crags,1
intervening,1
ice-rock,1
hour's,1
ice-rifts,1
disencumbered,1
drifting,1
acceptance,1
wiped,1
barriers,1
submission,1
strained,1
dusky,1
arch-enemy,1
inextinguishable,1
contortions,1
detrimental,1
fold,1
speck,1
narrated,1
kindled,1
denounce,1
dread--for,1
me--not,1
robbed,1
steel,1
hover,1
sword,1
manes,1
atone,1
fiendlike,1
persuasive,1
eloquent,1
live--swear,1
undergone,1
securely,1
concede,1
multiplied,1
mercy,1
ranged,1
construct,1
gratify,1
astounded,1
defects,1
xvii,1
holding,1
anchor,1
riding,1
lessening,1
sincerity,1
manifold,1
bedim,1
impend,1
fanciful,1
creator;--has,1
authority,1
divinely,1
accusation,1
securing,1
wrought,1
unexampled,1
cause--the,1
creates,1
cologne,1
holland,1
released,1
vales,1
arising,1
flowery,1
december,1
dreamt,1
springs,1
cliffs,1
thames,1
flat,1
tilbury,1
fort,1
spanish,1
armada,1
gravesend,1
"kindness:--""be",1
abbey,1
tintern,1
deviating,1
officially,1
amongst,1
auditor,1
inhabits,1
guards,1
revolt,1
seizure,1
eminently,1
disbelief,1
chastened,1
worldly-minded,1
invective,1
teach,1
wordsworth's,1
dates,1
marking,1
external,1
sounding,1
reconciled,1
cataract,1
remoter,1
quieted,1
unborrow'd,1
impressive,1
"eye""[3",1
3,1
woolwich,1
greenwich,1
delight--his,1
jeer,1
parties,1
dejected,1
debar,1
quiver,1
palpitate,1
visiter,1
allurements,1
invitation,1
dwelling-places,1
february,1
nets,1
leaped,1
panic,1
check,1
coldness,1
handkerchief,1
posture,1
obstinate,1
bier,1
27th,1
mountaineers,1
oaks,1
bridal,1
bloodless,1
figure--her,1
game,1
directions,1
whirled,1
acme,1
confusedly,1
steeples,1
paul's,1
towering,1
tower,1
row,1
famed,1
xix,1
flourished,1
writhing,1
availed,1
lastly,1
uninteresting,1
reflecting,1
further,1
fellow-men,1
rambled,1
sealed,1
india,1
materially,1
assisting,1
theirs--all,1
colonisation,1
around--i,1
crawled,1
instinct,1
drunken,1
pleases,1
consequence,1
vaud,1
acquiesced,1
re-echoed,1
choked,1
furies,1
attacks,1
approved,1
inasmuch,1
agonised,1
adjuration,1
governed,1
intimated,1
preside,1
sacred,1
disquiet,1
enfranchised,1
inroads,1
clerval--and,1
quivering,1
weary,1
sedulous,1
"return,--a",1
conflicting,1
drag,1
mute,1
tearful,1
careless,1
mourner,1
arrangements,1
toils--one,1
bourne,1
self-command,1
invoked,1
repast,1
festival,1
bowing,1
imposed,1
extricate,1
murmured,1
indispensable,1
dilatory,1
unsatisfactory,1
aversion,1
aware,1
achieved,1
impediment,1
imaged,1
evaded,1
dictated,1
reasons,1
tartary,1
absorbing,1
duration,1
paternal,1
concert,1
"whisper--""i",1
interfered,1
coveted,1
unobserving,1
indolence,1
valais,1
hunted,1
martyrs,1
glided,1
fairy-land,1
fierceness,1
haughty,1
exists,1
impracticable,1
properties,1
proportionate,1
"intimidated:--""you",1
uri,1
perpendicularly,1
casting,1
populous,1
hovers,1
water-spout,1
intrude,1
venture,1
amid,1
pauses,1
dens,1
nightly,1
defiance,1
mildly,1
incredulity,1
la,1
song,1
genevan,1
joyful,1
periods,1
observer,1
shifting,1
uninterested,1
star,1
golden,1
sunrise,1
rhine.--and,1
cemetery,1
entrance,1
unsettled,1
sandy,1
wont,1
calculating,1
meandering,1
shipping,1
willowy,1
xxiv,1
manheim,1
fifth,1
reverted,1
elevation,1
steep,1
edges,1
variegated,1
overlooking,1
vineyards,1
screamed,1
kenstein,1
shortened,1
ognor,1
dungeons,1
austria,1
confiscated,1
foster,1
dark-leaved,1
brambles,1
hall,1
pictured,1
cherub--a,1
guardians,1
providence,1
inmate,1
house--my,1
sister--the,1
reverential,1
"playfully,--""i",1
victor--to-morrow,1
seriousness,1
interpreted,1
literally,1
mine--mine,1
cherish,1
praises,1
familiarly,1
me--my,1
disunion,1
dispute,1
frementi,1
schiavi,1
apathy,1
"italy,--one",1
idol,1
better--their,1
self-control,1
silken,1
cord,1
excursion,1
frontiers,1
"passion,--remembering",1
"relieved,--for",1
cot,1
foldings,1
vale,1
half-clothed,1
scanty,1
babes,1
dark-eyed,1
vagrants,1
brightest,1
gold,1
despite,1
clothing,1
brow,1
heaven-sent,1
milanese,1
nobleman,1
italians,1
antique,1
diversity,1
concentrated,1
smitten,1
home--the,1
states,1
attractions,1
inner,1
metaphysical,1
stage,1
theme,1
shrine-dedicated,1
lamp,1
ours,1
soften,1
attract,1
subdue,1
semblance,1
clerval--could,1
entrench,1
clerval?--yet,1
humane,1
thoughtful,1
generosity--so,1
exploit,1
beneficence,1
tainted,1
ignoble,1
predilection,1
thirteen,1
baths,1
thonon,1
politics,1
code,1
indiscriminately,1
masquerades,1
turbulence,1
"summers,--she",1
investigating,1
junior,1
campagne,1
seclusion,1
attach,1
fervently,1
schoolfellows,1
romance,1
knightly,1
adventure,1
roncesvalles,1
vehement,1
arthur,1
chivalrous,1
holy,1
sepulchre,1
infidels,1
tyrants,1
caprice,1
agents,1
creators,1
discerned,1
developement,1
filial,1
tender,1
stores,1
naples,1
unequalled,1
quelling,1
tyranny,1
friend--of,1
agree,1
unfashioned,1
wiser,1
ourselves--such,1
be--do,1
lend,1
perfectionate,1
faulty,1
entitled,1
respecting,1
i--i,1
starry,1
disappointments,1
halo,1
ventures,1
tutored,1
retirement,1
fastidious,1
appreciate,1
possesses,1
immeasurably,1
intuitive,1
discernment,1
never-failing,1
paroxysm,1
"me,--let",1
intoxicating,1
evinced,1
benevolently,1
decaying,1
rawness,1
enters,1
13th,1
increases,1
excites,1
wise,1
culled,1
choicest,1
disguise,1
eventual,1
gladly,1
drank,1
furtherance,1
dominion,1
transmit,1
elemental,1
foes,1
listener's,1
quivered,1
trickle,1
"fingers,--a",1
heaving,1
paused;--at,1
"accents:--""unhappy",1
penetration,1
clearness,1
restorative,1
facility,1
unbending,1
debts,1
truest,1
effectual,1
reuss,1
fortunes,1
respectable,1
merchant's,1
rankling,1
fund,1
decreasing,1
mould,1
earn,1
subsistence,1
tenth,1
beaufort's,1
protecting,1
unite,1
late-discovered,1
unworthiness,1
worship,1
differing,1
recompensing,1
exotic,1
gardener,1
rougher,1
tend,1
mischances,1
relating,1
illustrate,1
nature:--nor,1
intonations,1
soul-subduing,1
19,1
serpent,1
disasters,1
exposing,1
deduce,1
tamer,1
unbelief,1
ridicule,1
provoke,1
ever-varied,1
conveys,1
syndics,1
recital,1
ameliorate,1
imperatively,1
manuscript,1
full-toned,1
swells,1
irradiated,1
it--thus,1
genevese,1
republic,1
ancestors,1
counsellors,1
chanced,1
demonstrate,1
recourse,1
conceited,1
pulpit,1
lecturing,1
shortly,1
colleague,1
fifty,1
temples,1
erect,1
sweetest,1
recapitulation,1
discoverers,1
preparatory,1
panegyric,1
teachers,1
impossibilities,1
metals,1
transmuted,1
chimera,1
dabble,1
dirt,1
pore,1
microscope,1
crucible,1
miracles,1
circulates,1
unlimited,1
thunders,1
mimic,1
sentences,1
residents,1
titlepage,1
localities,1
cooped,1
complied,1
fatiguing,1
chance--or,1
asserted,1
sway,1
reluctant,1
door--led,1
stared,1
nonsense,1
burdened,1
musty,1
stept,1
treating,1
dismissed,1
alternate,1
reprobated,1
recur,1
squat,1
gruff,1
teacher,1
prepossess,1
retrod,1
immortality,1
futile,1
enquirer,1
chimeras,1
shadows,1
professor's,1
words--rather,1
enounced,1
petty,1
experimentalist,1
advise,1
including,1
machines,1
instructing,1
promising,1
derange,1
term,1
discrimination,1
acquaintance,1
deal,1
dogmatism,1
frankness,1
pedantry,1
ways,1
smoothed,1
abstruse,1
facile,1
students,1
sly,1
pursues,1
infallibly,1
attainment,1
wrapt,1
conducive,1
protracted,1
department,1
chemist,1
stimulated,1
private,1
grappling,1
palpable,1
keys,1
sounded,1
"frankenstein,--more",1
achieve,1
treading,1
pioneer,1
unfold,1
insurrection,1
turmoil,1
yesternight's,1
affability,1
ashamed,1
indebted,1
easier,1
classifications,1
erroneously,1
solid,1
statement,1
affectation,1
chemists,1
measured,1
deference,1
instructor,1
letting,1
acquisition,1
unfitted,1
protector,1
stump,1
blindness,1
student's,1
guidance,1
preceptors,1
philosopher's,1
undivided,1
inferior,1
raising,1
liberally,1
incantations,1
unsuccessful,1
mistake,1
skill,1
fidelity,1
instructors,1
mingling,1
unadept,1
contradictory,1
theories,1
floundering,1
desperately,1
slough,1
multifarious,1
witnessed,1
thunder-storm,1
loudness,1
yards,1
child's,1
eighteenth,1
averred,1
boy's,1
trash,1
chimerical,1
contents,1
avidity,1
longing,1
discontented,1
isaac,1
newton,1
avowed,1
picking,1
shells,1
successors,1
tyros,1
repined,1
untaught,1
partially,1
unveiled,1
immortal,1
dissect,1
anatomise,1
tertiary,1
grades,1
fortifications,1
impediments,1
citadel,1
ignorantly,1
dazzling,1
splintered,1
chaise,1
ribands,1
death-bed,1
"myself:--""my",1
firmest,1
resign,1
calmly,1
ever--that,1
lapse,1
proves,1
commences,1
arrives,1
spoiler,1
deferred,1
consoled,1
veiled,1
steadily,1
cousins,1
narrow-minded,1
trader,1
aspirations,1
debarred,1
liberal,1
kindling,1
resolve,1
commerce,1
fancying,1
there--my,1
press,1
prognosticated,1
medical,1
alarming,1
victory,1
lords,1
disinclined,1
despicable,1
caprices,1
abortive,1
would-be,1
threshold,1
betook,1
ligaments,1
inclination,1
life--the,1
envelope,1
relinquishing,1
preserver,1
latterly,1
disregard,1
potent,1
decreed,1
attained,1
seventeen,1
occurred--an,1
omen,1
scarlet,1
"bed,--her",1
"distemper,--elizabeth",1
imprudence,1
perilous,1
rescued,1
inquisitiveness,1
doctrines,1
doctor,1
vermicelli,1
glass,1
re-animated,1
token,1
component,1
manufactured,1
waned,1
witching,1
unbidden,1
gifting,1
vividness,1
saw--with,1
acute,1
"vision,--i",1
phantasm,1
engine,1
supremely,1
handywork,1
horror-stricken,1
subside,1
quench,1
transient,1
cradle,1
opens,1
stands,1
curtains,1
discussed,1
devout,1
inhuman,1
fashioning,1
platitude,1
uncongenial,1
"story_,--a",1
thrilling,1
horror--one,1
curdle,1
quicken,1
beatings,1
pondered--vainly,1
incapability,1
replies,1
invocations,1
mortifying,1
negative,1
sanchean,1
hindoos,1
tortoise,1
humbly,1
admitted,1
chaos,1
shapeless,1
substances,1
appertain,1
columbus,1
egg,1
consists,1
capabilities,1
speculative,1
parquet,1
struggling,1
glassy,1
spectres,1
developes,1
delineating,1
commanding,1
scrupled,1
innovate,1
iliad,1
tragic,1
"greece,--shakspeare",1
midsummer,1
"dream,--and",1
milton,1
conform,1
humble,1
novelist,1
seeks,1
licence,1
adoption,1
resulted,1
specimens,1
casual,1
expedient,1
exercising,1
untried,1
tendencies,1
contains,1
affect,1
disadvantages,1
depends,1
weaving,1
prosper,1
rid,1
phantom,1
"story,--my",1
tiresome,1
unlucky,1
contrive,1
frighten,1
swift,1
transcript,1
grim,1
pages--of,1
develope,1
echo,1
basis,1
readers,1
associations,1
mended,1
bald,1
exclusively,1
throughout,1
adjuncts,1
untouched,1
s,1
15,1
physiological,1
assuming,1
capulets,1
despatch,1
coventry,1
unheeded,1
cumming,1
dublin,1
publishers,1
selecting,1
furnish,1
willing,1
"me--""how",1
dilate,1
appendage,1
topics,1
celebrity,1
scribbled,1
pastime,1
recreation,1
air--the,1
dreams--the,1
fantastic,1
imitator--rather,1
suggestions,1
eye--my,1
childhood's,1
nobody,1
annoyed--my,1
occasional,1
habitual,1
dundee,1
retrospection,1
bradfute,1
bell,1
burlington,1
start,1
anyone,1
anywhere,1
cost,1
restrictions,1
copy,1
re-use,1
license,1
www.gutenberg.org,1
title,1
13,1
2013,1
42324,1
greg,1
bentley,1
meehan,1
proofreading,1
team,1
http://www.pgdp.net,1
perkin,1
warbeck,1
text,1
photo-reprint,1
edition,1
revised,1
colburn,1
richard,1
eyry,1
commune,1
tom,1
then--but,1
beaver,1
moon's,1
fitful,1
beams,1
gate,1
swung,1
couch,1
youths,1
cradled,1
healthy,1
boys,1
snapt,1
stalk,1
poem,1
mazeppa,1
embody,1
imagery,1
melodious,1
verse,1
invent,1
machinery,1
experiences,1
polidori,1
skull-headed,1
punished,1
key-hole--what,1
forget--something,1
armour,1
shadowy,1
fated,1
canto,1
grounds,1
woodless,1
compositions,1
flights,1
fostered,1
heroine,1
identity,1
parentage,1
enrol,1
cared,1
though,1
improving,1
childe,1
sons,1
harold,1
successively,1
glories,1
influences,1
partook,1
ungenial,1
incessant,1
translated,1
pledged,1
sinful,1
founder,1
doom,1
limited,1
avoiding,1
enervating,1
africa,1
confessing,1
reassured,1
suppliant,1
farm,1
designed,1
purchase,1
decidedly,1
exclaim,1
uneducated,1
attends,1
detracts,1
complain,1
wavering,1
prudence,1
considerateness,1
whenever,1
albatross,1
imaginative,1
practically,1
industrious--pains-taking;--a,1
workman,1
labour:--but,1
intertwined,1
hurries,1
pathways,1
unvisited,1
considerations,1
bathed,1
match,1
amassed,1
retains,1
merchants,1
seamen,1
unallied,1
dross,1
bosoms,1
instance,1
madly,1
characteristically,1
advancement,1
national,1
professional,1
unsoftened,1
noblest,1
russian,1
endowments,1
whale,1
unemployed,1
discipline,1
fosterage,1
groundwork,1
distaste,1
noted,1
kindliness,1
obedience,1
crew,1
owes,1
cape,1
robert,1
painters,1
haste,1
masses,1
float,1
drifted,1
dog,1
inhabitant,1
capitulated,1
rubbing,1
brandy,1
forcing,1
swallow,1
blankets,1
kitchen,1
stove,1
soup,1
wonderfully,1
performs,1
beam,1
gnashes,1
oppresses,1
restoration,1
vehicle,1
picked,1
aroused,1
stranger's,1
"said,--""i",1
considerate,1
impertinent,1
denote,1
unqualified,1
telescopes,1
prudent,1
merchantman,1
homeward,1
floating,1
sheets,1
indicating,1
latitude,1
attain,1
renovating,1
stiff,1
springing,1
leak,1
persevering,1
tracing,1
solicitude,1
pathless,1
testimonies,1
untamed,1
obedient,1
stop,1
pours,1
monday,1
31st,1
sea-room,1
compassed,1
fog,1
grow,1
keeping,1
schoolboys,1
exhibition,1
injunction,1
attracts,1
needle,1
observations,1
require,1
eccentricities,1
consistent,1
satiate,1
conquer,1
embarks,1
holiday,1
mates,1
conjectures,1
contest,1
inestimable,1
requisite,1
ascertaining,1
magnet,1
effected,1
dispelled,1
glow,1
contributes,1
tranquillise,1
"purpose,--a",1
intellectual,1
arriving,1
pacific,1
passionately,1
solitudes,1
undoubtedly,1
habitable,1
ghostly,1
amiableness,1
naturally,1
inference,1
justly,1
prejudicing,1
doctrine,1
rainy,1
evenings,1
blazing,1
occasionally,1
playful,1
acceptable,1
marlow,1
sailing,1
1817,1
dec,1
rejoice,1
increasing,1
braces,1
foretaste,1
climes,1
skirting,1
diffusing,1
splendour,1
there--for,1
navigators--there,1
familiarity,1
embark,1
illiterate,1
seafaring,1
"furs,--a",1
adopted,1
freezing,1
post-road,1
hire,1
paying,1
insurance,1
owner,1
whale-fishing,1
june,1
shower,1
testify,1
28th,1
glowing,1
assailed,1
medium,1
deem,1
courageous,1
capacious,1
amend,1
repair,1
faults,1
self-educated,1
fourteen,1
important,1
benefits,1
twenty-eight,1
stage-coach,1
sledges,1
emergencies,1
inuring,1
faded,1
perused,1
effusions,1
entranced,1
lifted,1
poet,1
niche,1
temple,1
homer,1
shakspeare,1
consecrated,1
channel,1
whale-fishers,1
fluctuate,1
expeditions,1
voluntarily,1
harder,1
medicine,1
naval,1
adventurer,1
under-mate,1
greenland,1
whaler,1
preferred,1
enticement,1
encouraging,1
physiology,1
anatomy,1
nocturnal,1
smoke,1
dôme,1
overlooked,1
long-lost,1
light-hearted,1
maternal,1
act--i,1
fettered,1
spurred,1
striving,1
myself--or,1
desperate,1
pallid,1
noisy,1
lulling,1
lullaby,1
blest,1
giver,1
x,1
roaming,1
arveiron,1
barricade,1
abrupt,1
wall,1
presence-chamber,1
imperial,1
brawling,1
cracking,1
aiguilles,1
rumbling,1
dissoluble,1
pélissier,1
dragging,1
fainting,1
untrodden,1
brake,1
gaze,1
arrow,1
pierced,1
die--was,1
whirlwind,1
bending,1
valleys,1
eternity,1
ephemeral,1
wreck--but,1
enduring,1
sure-footed,1
liable,1
lightened,1
side--the,1
raging,1
waterfalls,1
omnipotence--and,1
almighty,1
impetuous,1
pyramids,1
towered,1
bridge,1
reverberated,1
anon,1
littleness,1
tranquillised,1
wreaths,1
sensibilities,1
brute,1
wand'ring,1
pollutes,1
embrace,1
ne'er,1
mutability,1
overlooks,1
dissipated,1
uneven,1
descending,1
rifts,1
width,1
crossing,1
sunlight,1
"exclaimed--""wandering",1
beds,1
superhuman,1
crevices,1
caution,1
faintness,1
gale,1
bespoke,1
wreaked,1
vile,1
diabolically,1
sombre,1
speaker,1
concussion,1
retreats,1
slumbers,1
ministered,1
assemblance,1
congregated,1
unstained,1
mountain-top,1
pinnacle,1
pine,1
clouds--they,1
soul-inspiriting,1
pouring,1
misty,1
ever-moving,1
produces,1
wings,1
soar,1
solemnising,1
causing,1
perpendicularity,1
terrifically,1
spots,1
jutting,1
transversely,1
intersected,1
ravines,1
roll,1
wounded,1
lurked,1
suffice,1
wail,1
shook,1
raises,1
awaiting,1
submit,1
prison-room,1
inmost,1
sincerest,1
removes,1
acknowledged,1
never-dying,1
her's,1
hides,1
tarnish,1
repressed,1
half-suppressed,1
bounty,1
heart-rending,1
criminality,1
appeals,1
answers,1
purposed,1
avowal,1
revoke,1
murderess,1
voiceless,1
home--all,1
thrice-accursed,1
play-fellow,1
die!--you,1
prayers,1
manacled,1
fangs,1
forego,1
officer,1
ballots,1
heart-sickening,1
glaring,1
suspicions,1
dire,1
justine's,1
guile,1
prison-chamber,1
sitting,1
sobs,1
melt,1
confession,1
absolution,1
heavier,1
besieged,1
excommunication,1
obdurate,1
perdition,1
subscribed,1
"continued--""i",1
honoured,1
perpetrated,1
distrusted,1
ones,1
lamentations,1
prized,1
kinsman,1
shore--often,1
calamities,1
surviving,1
desertion,1
unalterable,1
perpetrate,1
efface,1
thoughtlessly,1
peak,1
andes,1
precipitated,1
avenge,1
wean,1
dimming,1
thirsting,1
other's,1
confirms,1
crowding,1
abyss,1
assassinated,1
escapes,1
makes,1
centre,1
rendering,1
love--while,1
reap,1
"blessing,--what",1
croaking,1
frogs,1
bat,1
freely,1
much-loved,1
sakes--who,1
mirrored,1
countenances--who,1
serving,1
you--he,1
bids,1
weep--to,1
countless,1
ix,1
follows,1
deprives,1
serenity,1
heavenly--if,1
self-satisfaction,1
complacency,1
consolation--deep,1
deathlike,1
perceptible,1
deduced,1
augmenting,1
immoderate,1
discharge,1
inapplicable,1
impossibility,1
unquiet,1
detest,1
conditions,1
precautions,1
steal,1
outside,1
repairing,1
cultivating,1
hearers,1
pronunciation,1
unravel,1
revolutions,1
appropriated,1
pronounce,1
endeared,1
gait,1
enhanced,1
accomplishments,1
wipe,1
saddest,1
unpractised,1
flower,1
peeped,1
milk-house,1
out-house,1
replenished,1
farmer,1
dinner,1
frosty,1
puzzled,1
cottagers--their,1
complexions,1
abstained,1
poignantly,1
maw,1
cow,1
cottager,1
enticed,1
audibly,1
overpowering,1
shoulders,1
helped,1
busily,1
digging,1
pulling,1
pensive,1
despatched,1
graceful,1
finest,1
symmetry,1
prolonging,1
tapers,1
xii,1
doors,1
contemplation,1
office,1
delicious,1
viands,1
another's,1
interchanging,1
imply,1
enigmatic,1
distressing,1
transparent,1
mirror,1
mortification,1
heart-moving,1
recommencing,1
countryman,1
suit,1
musical,1
raven,1
curiously,1
braided,1
regular,1
wondrously,1
pink,1
ravished,1
ecstatic,1
wiping,1
rapturously,1
dismount,1
dismissing,1
affectionately,1
dispelling,1
dissipates,1
ever-gentle,1
recurrence,1
repetition,1
faculty,1
entrancingly,1
cadence,1
peaceably,1
balmy,1
son's,1
sighed,1
him--that,1
acquiring,1
indications,1
wholesome,1
sufficiency,1
star-light,1
offices,1
foolish,1
flitted,1
arbiters,1
pictures,1
presenting,1
disgusted,1
exhilarated,1
organs,1
labour--the,1
tolerable,1
lap-dog,1
deserved,1
execration,1
showers,1
gods,1
blotted,1
gilded,1
anticipations,1
xiii,1
moving,1
periodically,1
sweeter,1
drawer,1
whitewashed,1
burn,1
era,1
indistinct,1
multiplicity,1
smelt,1
stronger,1
opaque,1
impervious,1
touch,1
obstacles,1
wearying,1
resting,1
dormant,1
slaked,1
half-frightened,1
instinctively,1
insufficient,1
invade,1
trees.[2,1
2,1
throats,1
winged,1
intercepted,1
roof,1
canopied,1
sparrow,1
blackbird,1
enticing,1
xi,1
seating,1
complained,1
fight,1
negligently,1
sprang,1
hast,1
thyself,1
opposition,1
wilt,1
owest,1
equitable,1
clemency,1
drivest,1
misdeed,1
community,1
implores,1
denial,1
glowed,1
grudge,1
hail,1
kinder,1
commiserate,1
bloody,1
rejoined,1
canst,1
fitting,1
scourge,1
speedy,1
confirmation,1
beggars,1
pained,1
imperceptible,1
spreading,1
gardens,1
grievously,1
bruised,1
missile,1
weapons,1
chinks,1
kennel,1
adjacent,1
pig-sty,1
sty,1
carpeted,1
purloined,1
conveniently,1
vicinity,1
tolerably,1
rain-dropping,1
dank,1
plank,1
farm-house,1
meanly,1
petticoat,1
linen,1
jacket,1
adorned,1
quarter,1
incommoded,1
yard,1
neater,1
wallet,1
peasant's,1
reproduce,1
uncovered,1
flame,1
fan,1
offals,1
roasted,1
savoury,1
spoiled,1
scarce,1
searching,1
assuage,1
emigration,1
lamented,1
relinquish,1
depositing,1
wrapping,1
shepherd,1
noise,1
loudly,1
debilitated,1
pandæmonium,1
dæmons,1
devoured,1
remnants,1
shepherd's,1
wine,1
brightly,1
popular,1
blackest,1
charging,1
coleridge's,1
carriages,1
coach,1
alighting,1
cordial,1
comprised,1
book-keeping,1
unwearied,1
dutch,1
schoolmaster,1
vicar,1
wakefield:--'i,1
florins,1
heartily,1
myself.--but,1
stopping,1
employments,1
excessively,1
shiver,1
lock,1
shivering,1
stepped,1
bed-room,1
contain,1
tingle,1
jumped,1
chairs,1
laughed,1
diligences,1
1,1
interference,1
"tread.""[1",1
flannel,1
dew,1
convulsed,1
wretch--the,1
curtain,1
jaws,1
muttered,1
detain,1
courtyard,1
catching,1
dante,1
wretchedly,1
palpitation,1
artery,1
dismal,1
aching,1
church,1
clock,1
indicated,1
sixth,1
porter,1
issued,1
pacing,1
drenched,1
comfortless,1
palpitated,1
daring,1
glide,1
tell.--oh,1
furiously,1
anticipated,1
treated,1
twelve,1
republican,1
institutions,1
monarchies,1
hence,1
classes,1
orders,1
include,1
ill-humour,1
ariosto,1
angelica--she,1
frank-hearted,1
professions,1
protectress,1
inconsiderate,1
model,1
phraseology,1
trials,1
childless,1
favourites,1
chastise,1
roman,1
catholic,1
repentant,1
softness,1
winning,1
perversity,1
household,1
change;--and,1
devolved,1
unfitness,1
harm,1
kindest,1
raved,1
pertinacity,1
relapses,1
buds,1
shooting,1
discompose,1
vi,1
write--to,1
inconveniences,1
mercenary,1
snow-clad,1
minister,1
writes,1
getting,1
well--and,1
vigorous,1
asks,1
"you,--but",1
sixteen,1
military,1
fetter;--his,1
climbing,1
idler,1
crawling,1
grave-worms,1
shroud,1
apartments,1
reverses,1
takes,1
mechanics,1
magnitude,1
complexity,1
impracticability,1
minuteness,1
hinderance,1
successfully,1
onwards,1
hurricane,1
ideal,1
pour,1
grown,1
confinement,1
unrelaxed,1
dabbled,1
clay,1
swim,1
resistless,1
frantic,1
trance,1
acuteness,1
stimulus,1
ceasing,1
operate,1
bones,1
arduous,1
complex,1
exalted,1
affirm,1
superstition,1
churchyard,1
receptacle,1
vaults,1
delicacy,1
brain,1
analysing,1
minutiæ,1
causation,1
exemplified,1
me--a,1
immensity,1
miracle,1
organization,1
stages,1
gratifying,1
progressively,1
wisest,1
buried,1
glimmering,1
patiently,1
infallible,1
precepts,1
aspires,1
intricacies,1
fibres,1
profane,1
gallery,1
hue,1
staircase,1
delight--so,1
engrossed,1
mines,1
leaf,1
energy,1
incipient,1
v,1
accomplishment,1
infuse,1
pattered,1
dismally,1
candle,1
delineate,1
beautiful!--great,1
arteries,1
flowing,1
pearly,1
whiteness,1
luxuriances,1
dun,1
shrivelled,1
straight,1
changeable,1
infusing,1
traversing,1
bedchamber,1
lassitude,1
leaves--sights,1
expanding,1
blossom,1
conceiving,1
workshop,1
eye-balls,1
starting,1
dissecting,1
slaughter-house,1
furnished,1
harvest,1
charms,1
disquieted,1
interruption,1
procrastinate,1
faultiness,1
altogether,1
enquiring,1
blame,1
perfection,1
tendency,1
weaken,1
alloy,1
mix,1
unlawful,1
enslaved,1
cæsar,1
mexico,1
peru,1
moralising,1
vacillating,1
begged,1
unkindness,1
allied,1
vampire,1
improbable,1
elude,1
credited,1
arrest,1
scaling,1
overhanging,1
mantel-piece,1
historical,1
represented,1
alleviate,1
self-accusations.--poor,1
brother's,1
named,1
overtake,1
mountain-stream,1
completes,1
wrongfully,1
happening,1
apprehended,1
greeting,1
topic,1
says,1
depravity,1
convict,1
astounding,1
vulgar,1
inconvenience,1
carnage,1
belongs,1
figures,1
define,1
lausanne,1
narrower,1
prognosticate,1
preliminary,1
comparative,1
gloomily,1
foresaw,1
obscurely,1
prophesied,1
hundredth,1
secheron,1
crash,1
clump,1
echoed,1
juras,1
savoy,1
dazzled,1
illuminating,1
sheet,1
pitchy,1
copêt,1
môle,1
peaked,1
clasped,1
dirge,1
monument,1
justify,1
dreading,1
convicted,1
acquit,1
incline,1
doubtful,1
suspicious,1
chêne,1
nine,1
questioned,1
fatally,1
weighs,1
explaining,1
probabilities,1
stolen,1
jewel,1
testimony,1
overweigh,1
pledge,1
salvation,1
timorous,1
irreproachable,1
indecent,1
fellow-creature,1
pretended,1
uncle's,1
warmly,1
hesitate,1
bauble,1
appeal,1
protestations,1
variable,1
plead,1
exculpated,1
doubly,1
assurance,1
acquittal,1
viii,1
eleven,1
lawless,1
devices,1
babe,1
aggravation,1
infamy,1
merit,1
ignominious,1
exquisitely,1
missed,1
confident,1
execrated,1
spectators,1
constrained,1
attest,1
guiltlessness,1
advocate,1
stated,1
staggered,1
unintelligible,1
hysterics,1
faltering,1
nameless,1
tranquilly,1
oftener,1
orientalists,1
usage,1
antipathy,1
praised,1
sciences,1
disliked,1
guessing,1
meant,1
discerning,1
excuse,1
total,1
encomiums,1
d--n,1
outstript,1
stare,1
nevertheless,1
youngster,1
gospel,1
pulled,1
countenance.--ay,1
modest,1
diffident,1
wears,1
eulogy,1
annoying,1
oriental,1
inglorious,1
sanscrit,1
underwent,1
introduce,1
line--one,1
john,1
fretting,1
irritability,1
clever,1
eyelashes,1
dimples,1
rosy,1
wives,1
louisa,1
biron,1
gossip,1
miss,1
mansfield,1
melbourne,1
"victor,--one",1
esq,1
manon,1
duvillard,1
banker,1
schoolfellow,1
louis,1
reported,1
frenchwoman,1
tavernier,1
everybody,1
returns,1
conclude,1
fellow-pupil,1
critical,1
desolating,1
dialects,1
griefs,1
skims,1
dead!--that,1
simply,1
transaction,1
thursday,1
dusk,1
torches,1
persisted,1
sigh,1
teased,1
wear,1
unremitted,1
weeps,1
accuses,1
pierce,1
youngest,1
brooding,1
heal,1
festering,1
alphonse,1
motioned,1
sod,1
covers,1
cabriolet,1
sorrowing,1
slackened,1
callous,1
impatiently,1
vii,1
pedestrian,1
"roses,--in",1
frowns,1
consumes,1
manly,1
heroical,1
rome,1
impassable,1
retarded,1
unwillingness,1
uncommonly,1
dilatoriness,1
proposed,1
perambulations,1
unbridled,1
salubrious,1
unsocial,1
elevate,1
level,1
cramped,1
narrowed,1
hedges,1
invented,1
poems,1
ingenuity,1
sunday,1
dancing,1
6375,1
